match_id,innings,batting_team,over_ball,bowler,batsman,run,extra_type,extra_run,is_wicket,is_boundary,is_dot_ball,commentary
23247987,1,Royal Cricket Blasters (RCB),10.0,Vinod Reddy,Mahesh,0,,0,1,0,1,"Vinod Reddy to Mahesh, OUT Bowled"
23247987,1,Royal Cricket Blasters (RCB),9.5,Vinod Reddy,Srinivas Vemulapalli,1,,0,0,0,0,"Vinod Reddy to Srinivas Vemulapalli, 1 run"
23247987,1,Royal Cricket Blasters (RCB),9.4,Vinod Reddy,Satyam Goyal,0,,0,1,0,1,"Vinod Reddy to Satyam Goyal, OUT Bowled"
23247987,1,Royal Cricket Blasters (RCB),9.3,Vinod Reddy,Gopi,0,,0,1,0,1,"Vinod Reddy to Gopi, OUT Caught out, Caught by Sudheer Nidiginti"
23247987,1,Royal Cricket Blasters (RCB),9.2,Vinod Reddy,Kranthi 202 Midtown Raaga,0,,0,1,0,1,"Vinod Reddy to Kranthi 202 Midtown Raaga, OUT Caught behind, Caught Behind by Ashok adapala"
23247987,1,Royal Cricket Blasters (RCB),9.1,Vinod Reddy,Mahesh,1,,0,0,0,0,"Vinod Reddy to Mahesh, 1 run"
23247987,1,Royal Cricket Blasters (RCB),9.0,Venkat A,Kranthi 202 Midtown Raaga,0,,0,0,0,1,"Venkat A to Kranthi 202 Midtown Raaga, no run"
23247987,1,Royal Cricket Blasters (RCB),8.5,Venkat A,Kranthi 202 Midtown Raaga,0,,0,0,0,1,"Venkat A to Kranthi 202 Midtown Raaga, no run"
23247987,1,Royal Cricket Blasters (RCB),8.4,Venkat A,Kranthi 202 Midtown Raaga,0,,0,0,0,1,"Venkat A to Kranthi 202 Midtown Raaga, no run"
23247987,1,Royal Cricket Blasters (RCB),8.3,Venkat A,Mithun,0,,0,1,0,1,"Venkat A to Mithun, OUT Bowled"
23247987,1,Royal Cricket Blasters (RCB),8.2,Venkat A,Mahesh,1,,0,0,0,0,"Venkat A to Mahesh, 1 run"
23247987,1,Royal Cricket Blasters (RCB),8.1,Venkat A,Mahesh,0,,0,0,0,1,"Venkat A to Mahesh, no run"
23247987,1,Royal Cricket Blasters (RCB),8.0,Srikanta Maddara,Mithun,0,,0,0,0,1,"Srikanta Maddara to Mithun, no run"
23247987,1,Royal Cricket Blasters (RCB),7.5,Srikanta Maddara,Mithun,2,,0,0,0,0,"Srikanta Maddara to Mithun, 2 runs"
23247987,1,Royal Cricket Blasters (RCB),7.4,Srikanta Maddara,Mithun,0,,0,0,0,1,"Srikanta Maddara to Mithun, no run"
23247987,1,Royal Cricket Blasters (RCB),7.3,Srikanta Maddara,Mithun,0,,0,0,0,1,"Srikanta Maddara to Mithun, no run"
23247987,1,Royal Cricket Blasters (RCB),7.2,Srikanta Maddara,Mithun,0,,0,0,0,1,"Srikanta Maddara to Mithun, no run"
23247987,1,Royal Cricket Blasters (RCB),7.1,Srikanta Maddara,Mithun,6,,0,0,1,0,"Srikanta Maddara to Mithun, SIX"
23247987,1,Royal Cricket Blasters (RCB),7.0,Karthik Reddy,Mahesh,0,,0,0,0,1,"Karthik Reddy to Mahesh, no run"
23247987,1,Royal Cricket Blasters (RCB),6.5,Karthik Reddy,Mahesh,0,,0,0,0,1,"Karthik Reddy to Mahesh, no run"
23247987,1,Royal Cricket Blasters (RCB),6.4,Karthik Reddy,Mahesh,0,,0,0,0,1,"Karthik Reddy to Mahesh, no run"
23247987,1,Royal Cricket Blasters (RCB),6.3,Karthik Reddy,Jithin Tj,0,,0,1,0,1,"Karthik Reddy to Jithin Tj, OUT Run out, Throw by Sudheer Nidiginti"
23247987,1,Royal Cricket Blasters (RCB),6.3,Karthik Reddy,Jithin Tj,0,NB,0,0,0,0,"Karthik Reddy to Jithin Tj, (no ball)"
23247987,1,Royal Cricket Blasters (RCB),6.2,Karthik Reddy,Mahesh,1,,0,0,0,0,"Karthik Reddy to Mahesh, 1 run"
23247987,1,Royal Cricket Blasters (RCB),6.1,Karthik Reddy,Mahesh,6,,0,0,1,0,"Karthik Reddy to Mahesh, SIX"
23247987,1,Royal Cricket Blasters (RCB),6.1,Karthik Reddy,Jithin Tj,1,NB,0,0,0,0,"Karthik Reddy to Jithin Tj, (no ball), 1 run"
23247987,1,Royal Cricket Blasters (RCB),6.0,Vinod Reddy,Jithin Tj,1,,0,0,0,0,"Vinod Reddy to Jithin Tj, 1 run"
23247987,1,Royal Cricket Blasters (RCB),5.5,Vinod Reddy,Jithin Tj,0,,0,0,0,1,"Vinod Reddy to Jithin Tj, no run"
23247987,1,Royal Cricket Blasters (RCB),5.4,Vinod Reddy,Mahesh,1,,0,0,0,0,"Vinod Reddy to Mahesh, 1 run"
23247987,1,Royal Cricket Blasters (RCB),5.3,Vinod Reddy,Mahesh,0,,0,0,0,1,"Vinod Reddy to Mahesh, no run"
23247987,1,Royal Cricket Blasters (RCB),5.2,Vinod Reddy,Jithin Tj,1,,0,0,0,0,"Vinod Reddy to Jithin Tj, 1 run"
23247987,1,Royal Cricket Blasters (RCB),5.1,Vinod Reddy,Jithin Tj,0,,0,0,0,1,"Vinod Reddy to Jithin Tj, no run"
23247987,1,Royal Cricket Blasters (RCB),5.0,Venkat A,Jithin Tj,1,,0,0,0,0,"Venkat A to Jithin Tj, 1 run"
23247987,1,Royal Cricket Blasters (RCB),4.5,Venkat A,Mahesh,1,,0,0,0,0,"Venkat A to Mahesh, 1 run"
23247987,1,Royal Cricket Blasters (RCB),4.4,Venkat A,Leel,0,,0,1,0,1,"Venkat A to Leel, OUT Caught out, Caught by Sudheer Nidiginti"
23247987,1,Royal Cricket Blasters (RCB),4.3,Venkat A,Leel,0,,0,0,0,1,"Venkat A to Leel, no run"
23247987,1,Royal Cricket Blasters (RCB),4.2,Venkat A,Jithin Tj,0,,0,1,0,1,"Venkat A to Jithin Tj, OUT Run out, Throw by Venkat A"
23247987,1,Royal Cricket Blasters (RCB),4.1,Venkat A,Jithin Tj,4,,0,0,1,0,"Venkat A to Jithin Tj, FOUR"
23247987,1,Royal Cricket Blasters (RCB),4.0,Sudheer Nidiginti,Vinay KS,0,,0,0,0,1,"Sudheer Nidiginti to Vinay KS, no run"
23247987,1,Royal Cricket Blasters (RCB),4.0,Sudheer Nidiginti,Jithin Tj,1,NB,0,0,0,0,"Sudheer Nidiginti to Jithin Tj, (no ball), 1 run"
23247987,1,Royal Cricket Blasters (RCB),3.5,Sudheer Nidiginti,Vinay KS,1,,0,0,0,0,"Sudheer Nidiginti to Vinay KS, 1 run"
23247987,1,Royal Cricket Blasters (RCB),3.4,Sudheer Nidiginti,Vinay KS,0,,0,0,0,1,"Sudheer Nidiginti to Vinay KS, no run"
23247987,1,Royal Cricket Blasters (RCB),3.3,Sudheer Nidiginti,Vinay KS,6,,0,0,1,0,"Sudheer Nidiginti to Vinay KS, SIX"
23247987,1,Royal Cricket Blasters (RCB),3.2,Sudheer Nidiginti,Vinay KS,2,,0,0,0,0,"Sudheer Nidiginti to Vinay KS, 2 runs"
23247987,1,Royal Cricket Blasters (RCB),3.1,Sudheer Nidiginti,Manjunath H,0,,0,1,0,1,"Sudheer Nidiginti to Manjunath H, OUT Caught behind, Caught Behind by Ashok adapala"
23247987,1,Royal Cricket Blasters (RCB),3.0,Pabitra,Manjunath H,1,,0,0,0,0,"Pabitra to Manjunath H, 1 run"
23247987,1,Royal Cricket Blasters (RCB),2.5,Pabitra,Manjunath H,0,,0,0,0,1,"Pabitra to Manjunath H, no run"
23247987,1,Royal Cricket Blasters (RCB),2.4,Pabitra,Manjunath H,0,,0,0,0,1,"Pabitra to Manjunath H, no run"
23247987,1,Royal Cricket Blasters (RCB),2.3,Pabitra,Jithin Tj,1,,0,0,0,0,"Pabitra to Jithin Tj, 1 run"
23247987,1,Royal Cricket Blasters (RCB),2.3,Pabitra,Jithin Tj,0,WD,0,0,0,0,"Pabitra to Jithin Tj, wide"
23247987,1,Royal Cricket Blasters (RCB),2.2,Pabitra,Jithin Tj,0,,0,0,0,1,"Pabitra to Jithin Tj, no run"
23247987,1,Royal Cricket Blasters (RCB),2.1,Pabitra,Jithin Tj,0,,0,0,0,1,"Pabitra to Jithin Tj, no run"
23247987,1,Royal Cricket Blasters (RCB),2.0,Srikanta Maddara,Jithin Tj,1,,0,0,0,0,"Srikanta Maddara to Jithin Tj, 1 run"
23247987,1,Royal Cricket Blasters (RCB),1.5,Srikanta Maddara,Manjunath H,1,,0,0,0,0,"Srikanta Maddara to Manjunath H, 1 run"
23247987,1,Royal Cricket Blasters (RCB),1.4,Srikanta Maddara,Manjunath H,0,,0,0,0,1,"Srikanta Maddara to Manjunath H, no run"
23247987,1,Royal Cricket Blasters (RCB),1.4,Srikanta Maddara,Manjunath H,0,WD,0,0,0,0,"Srikanta Maddara to Manjunath H, wide"
23247987,1,Royal Cricket Blasters (RCB),1.3,Srikanta Maddara,Manjunath H,6,,0,0,1,0,"Srikanta Maddara to Manjunath H, SIX"
23247987,1,Royal Cricket Blasters (RCB),1.2,Srikanta Maddara,Manjunath H,0,,0,0,0,1,"Srikanta Maddara to Manjunath H, no run"
23247987,1,Royal Cricket Blasters (RCB),1.1,Srikanta Maddara,Manjunath H,2,,0,0,0,0,"Srikanta Maddara to Manjunath H, 2 runs"
23247987,1,Royal Cricket Blasters (RCB),1.0,Pabitra,Jithin Tj,0,,0,0,0,1,"Pabitra to Jithin Tj, no run"
23247987,1,Royal Cricket Blasters (RCB),0.5,Pabitra,Jithin Tj,0,,0,0,0,1,"Pabitra to Jithin Tj, no run"
23247987,1,Royal Cricket Blasters (RCB),0.4,Pabitra,Jithin Tj,0,,0,0,0,1,"Pabitra to Jithin Tj, no run"
23247987,1,Royal Cricket Blasters (RCB),0.3,Pabitra,Jithin Tj,0,,0,0,0,1,"Pabitra to Jithin Tj, no run"
23247987,1,Royal Cricket Blasters (RCB),0.2,Pabitra,Manjunath H,1,,0,0,0,0,"Pabitra to Manjunath H, 1 run"
23247987,1,Royal Cricket Blasters (RCB),0.1,Pabitra,Manjunath H,0,,0,0,0,1,"Pabitra to Manjunath H, no run"
23247987,2,Weekend Warriors (WW),10.0,Mithun,Ashok adapala,0,,0,1,0,1,"Mithun to Ashok adapala, OUT Bowled"
23247987,2,Weekend Warriors (WW),9.5,Mithun,Ashok adapala,0,,0,0,0,1,"Mithun to Ashok adapala, no run"
23247987,2,Weekend Warriors (WW),9.4,Mithun,Ashok adapala,0,,0,0,0,1,"Mithun to Ashok adapala, no run"
23247987,2,Weekend Warriors (WW),9.3,Mithun,Srikanta Maddara,0,,0,1,0,1,"Mithun to Srikanta Maddara, OUT Caught out, Caught by Manjunath H"
23247987,2,Weekend Warriors (WW),9.2,Mithun,Srikanta Maddara,0,,0,0,0,1,"Mithun to Srikanta Maddara, no run"
23247987,2,Weekend Warriors (WW),9.1,Mithun,Srikanta Maddara,0,,0,0,0,1,"Mithun to Srikanta Maddara, no run"
23247987,2,Weekend Warriors (WW),9.0,Srinivas Vemulapalli,Venkat A,0,,0,1,0,1,"Srinivas Vemulapalli to Venkat A, OUT Bowled"
23247987,2,Weekend Warriors (WW),8.5,Srinivas Vemulapalli,Venkat A,2,,0,0,0,0,"Srinivas Vemulapalli to Venkat A, 2 runs"
23247987,2,Weekend Warriors (WW),8.4,Srinivas Vemulapalli,Srikanta Maddara,1,,0,0,0,0,"Srinivas Vemulapalli to Srikanta Maddara, 1 run"
23247987,2,Weekend Warriors (WW),8.3,Srinivas Vemulapalli,Venkat A,1,,0,0,0,0,"Srinivas Vemulapalli to Venkat A, 1 run"
23247987,2,Weekend Warriors (WW),8.2,Srinivas Vemulapalli,Srikanta Maddara,1,,0,0,0,0,"Srinivas Vemulapalli to Srikanta Maddara, 1 run"
23247987,2,Weekend Warriors (WW),8.1,Srinivas Vemulapalli,Srikanta Maddara,2,,0,0,0,0,"Srinivas Vemulapalli to Srikanta Maddara, 2 runs"
23247987,2,Weekend Warriors (WW),8.0,Leel,Srikanta Maddara,1,,0,0,0,0,"Leel to Srikanta Maddara, 1 run"
23247987,2,Weekend Warriors (WW),7.5,Leel,Venkat A,1,,0,0,0,0,"Leel to Venkat A, 1 run"
23247987,2,Weekend Warriors (WW),7.4,Leel,Venkat A,0,,0,1,0,1,"Leel to Venkat A, OUT Run out, Throw by Gopi"
23247987,2,Weekend Warriors (WW),7.3,Leel,Venkat A,0,,0,0,0,1,"Leel to Venkat A, no run"
23247987,2,Weekend Warriors (WW),7.2,Leel,Venkat A,0,,0,0,0,1,"Leel to Venkat A, no run"
23247987,2,Weekend Warriors (WW),7.1,Leel,Venkat A,0,,0,0,0,1,"Leel to Venkat A, no run"
23247987,2,Weekend Warriors (WW),7.0,Mithun,Vinod Reddy,6,,0,0,1,0,"Mithun to Vinod Reddy, SIX"
23247987,2,Weekend Warriors (WW),6.5,Mithun,Vinod Reddy,2,,0,0,0,0,"Mithun to Vinod Reddy, 2 runs"
23247987,2,Weekend Warriors (WW),6.4,Mithun,Venkat A,1,,0,0,0,0,"Mithun to Venkat A, 1 run"
23247987,2,Weekend Warriors (WW),6.3,Mithun,Venkat A,1,,0,0,0,0,"Mithun to Venkat A, 1 run"
23247987,2,Weekend Warriors (WW),6.2,Mithun,Venkat A,2,,0,0,0,0,"Mithun to Venkat A, 2 runs"
23247987,2,Weekend Warriors (WW),6.1,Mithun,Vinod Reddy,1,,0,0,0,0,"Mithun to Vinod Reddy, 1 run"
23247987,2,Weekend Warriors (WW),6.0,Mahesh,Vinod Reddy,6,,0,0,0,0,"Mahesh to Vinod Reddy, 6 runs"
23247987,2,Weekend Warriors (WW),5.5,Mahesh,Pabitra,0,,0,1,0,1,"Mahesh to Pabitra, OUT Caught behind, Caught Behind by Manjunath H"
23247987,2,Weekend Warriors (WW),5.4,Mahesh,Pabitra,0,,0,0,0,1,"Mahesh to Pabitra, no run"
23247987,2,Weekend Warriors (WW),5.3,Mahesh,Pabitra,0,,0,0,0,1,"Mahesh to Pabitra, no run"
23247987,2,Weekend Warriors (WW),5.2,Mahesh,Pabitra,0,,0,0,0,1,"Mahesh to Pabitra, no run"
23247987,2,Weekend Warriors (WW),5.1,Mahesh,Pabitra,0,,0,0,0,1,"Mahesh to Pabitra, no run"
23247987,2,Weekend Warriors (WW),5.0,Jithin Tj,Venkat A,2,,0,0,0,0,"Jithin Tj to Venkat A, 2 runs"
23247987,2,Weekend Warriors (WW),4.5,Jithin Tj,RK,0,,0,1,0,1,"Jithin Tj to RK, OUT Caught out, Caught by Leel"
23247987,2,Weekend Warriors (WW),4.4,Jithin Tj,Balaji Balaraju,0,,0,1,0,1,"Jithin Tj to Balaji Balaraju, OUT Run out, Throw by Jithin Tj"
23247987,2,Weekend Warriors (WW),4.3,Jithin Tj,Balaji Balaraju,0,,0,0,0,1,"Jithin Tj to Balaji Balaraju, no run"
23247987,2,Weekend Warriors (WW),4.2,Jithin Tj,RK,1,,0,0,0,0,"Jithin Tj to RK, 1 run"
23247987,2,Weekend Warriors (WW),4.2,Jithin Tj,RK,0,WD,0,0,0,0,"Jithin Tj to RK, wide"
23247987,2,Weekend Warriors (WW),4.1,Jithin Tj,Subbu,0,,0,1,0,1,"Jithin Tj to Subbu, OUT Caught out, Caught by Leel"
23247987,2,Weekend Warriors (WW),4.0,Gopi,Balaji Balaraju,0,,0,0,0,1,"Gopi to Balaji Balaraju, no run"
23247987,2,Weekend Warriors (WW),4.0,Gopi,Balaji Balaraju,0,WD,0,0,0,0,"Gopi to Balaji Balaraju, wide"
23247987,2,Weekend Warriors (WW),3.5,Gopi,Balaji Balaraju,0,,0,0,0,1,"Gopi to Balaji Balaraju, no run"
23247987,2,Weekend Warriors (WW),3.4,Gopi,Karthik Reddy,0,,0,1,0,1,"Gopi to Karthik Reddy, OUT Caught behind, Caught Behind by Manjunath H"
23247987,2,Weekend Warriors (WW),3.4,Gopi,Karthik Reddy,0,WD,0,0,0,0,"Gopi to Karthik Reddy, wide"
23247987,2,Weekend Warriors (WW),3.3,Gopi,Karthik Reddy,0,,0,0,0,1,"Gopi to Karthik Reddy, no run"
23247987,2,Weekend Warriors (WW),3.2,Gopi,Karthik Reddy,0,,0,0,0,1,"Gopi to Karthik Reddy, no run"
23247987,2,Weekend Warriors (WW),3.1,Gopi,Subbu,1,,0,0,0,0,"Gopi to Subbu, 1 run"
23247987,2,Weekend Warriors (WW),3.0,Srinivas Vemulapalli,Karthik Reddy,0,,0,0,0,1,"Srinivas Vemulapalli to Karthik Reddy, no run"
23247987,2,Weekend Warriors (WW),2.5,Srinivas Vemulapalli,Rajkumar Muddasu,1,,0,1,0,0,"Srinivas Vemulapalli to Rajkumar Muddasu, 1 run, OUT Run out, Throw by Manjunath H"
23247987,2,Weekend Warriors (WW),2.4,Srinivas Vemulapalli,Subbu,1,,0,0,0,0,"Srinivas Vemulapalli to Subbu, 1 run"
23247987,2,Weekend Warriors (WW),2.3,Srinivas Vemulapalli,Subbu,0,,0,0,0,1,"Srinivas Vemulapalli to Subbu, no run"
23247987,2,Weekend Warriors (WW),2.3,Srinivas Vemulapalli,Subbu,0,NB,0,0,0,0,"Srinivas Vemulapalli to Subbu, (no ball)"
23247987,2,Weekend Warriors (WW),2.2,Srinivas Vemulapalli,Sudheer Nidiginti,0,,0,1,0,1,"Srinivas Vemulapalli to Sudheer Nidiginti, OUT Caught out, Caught by Kranthi 202 Midtown Raaga"
23247987,2,Weekend Warriors (WW),2.1,Srinivas Vemulapalli,Sudheer Nidiginti,0,,0,0,0,1,"Srinivas Vemulapalli to Sudheer Nidiginti, no run"
23247987,2,Weekend Warriors (WW),2.0,Mahesh,Sudheer Nidiginti,1,,0,0,0,0,"Mahesh to Sudheer Nidiginti, 1 run"
23247987,2,Weekend Warriors (WW),2.0,Mahesh,Sudheer Nidiginti,0,WD,0,0,0,0,"Mahesh to Sudheer Nidiginti, wide"
23247987,2,Weekend Warriors (WW),1.5,Mahesh,Sudheer Nidiginti,0,,0,0,0,1,"Mahesh to Sudheer Nidiginti, no run"
23247987,2,Weekend Warriors (WW),1.4,Mahesh,Rajkumar Muddasu,1,,0,0,0,0,"Mahesh to Rajkumar Muddasu, 1 run"
23247987,2,Weekend Warriors (WW),1.3,Mahesh,Rajkumar Muddasu,0,,0,0,0,1,"Mahesh to Rajkumar Muddasu, no run"
23247987,2,Weekend Warriors (WW),1.2,Mahesh,Sudheer Nidiginti,1,,0,0,0,0,"Mahesh to Sudheer Nidiginti, 1 run"
23247987,2,Weekend Warriors (WW),1.1,Mahesh,Sudheer Nidiginti,0,,0,0,0,1,"Mahesh to Sudheer Nidiginti, no run"
23247987,2,Weekend Warriors (WW),1.0,Leel,Sudheer Nidiginti,1,,0,0,0,0,"Leel to Sudheer Nidiginti, 1 run"
23247987,2,Weekend Warriors (WW),0.5,Leel,Sudheer Nidiginti,0,,0,0,0,1,"Leel to Sudheer Nidiginti, no run"
23247987,2,Weekend Warriors (WW),0.4,Leel,Sudheer Nidiginti,0,,0,0,0,1,"Leel to Sudheer Nidiginti, no run"
23247987,2,Weekend Warriors (WW),0.3,Leel,Rajkumar Muddasu,1,,0,0,0,0,"Leel to Rajkumar Muddasu, 1 run"
23247987,2,Weekend Warriors (WW),0.3,Leel,Rajkumar Muddasu,0,WD,0,0,0,0,"Leel to Rajkumar Muddasu, wide"
23247987,2,Weekend Warriors (WW),0.2,Leel,Rajkumar Muddasu,2,,0,0,0,0,"Leel to Rajkumar Muddasu, 2 runs"
23247987,2,Weekend Warriors (WW),0.1,Leel,Rajkumar Muddasu,0,,0,0,0,1,"Leel to Rajkumar Muddasu, no run"
23110064,1,Weekend Warriors (WW),10.0,Srinivas Vemulapalli,RK,0,,0,1,0,1,"Srinivas Vemulapalli to RK, OUT Caught out, Caught by Murali Cn Cricket"
23110064,1,Weekend Warriors (WW),9.5,Srinivas Vemulapalli,RK,0,,0,0,0,1,"Srinivas Vemulapalli to RK, no run"
23110064,1,Weekend Warriors (WW),9.4,Srinivas Vemulapalli,Rajkumar Muddasu,1,,0,0,0,0,"Srinivas Vemulapalli to Rajkumar Muddasu, 1 run"
23110064,1,Weekend Warriors (WW),9.3,Srinivas Vemulapalli,RK,1,,0,0,0,0,"Srinivas Vemulapalli to RK, 1 run"
23110064,1,Weekend Warriors (WW),9.2,Srinivas Vemulapalli,RK,0,,0,0,0,1,"Srinivas Vemulapalli to RK, no run"
23110064,1,Weekend Warriors (WW),9.1,Srinivas Vemulapalli,Rajkumar Muddasu,1,,0,0,0,0,"Srinivas Vemulapalli to Rajkumar Muddasu, 1 run"
23110064,1,Weekend Warriors (WW),9.0,Leel,RK,0,,0,0,0,1,"Leel to RK, no run"
23110064,1,Weekend Warriors (WW),8.5,Leel,RK,0,,0,0,0,1,"Leel to RK, no run"
23110064,1,Weekend Warriors (WW),8.4,Leel,RK,6,,0,0,1,0,"Leel to RK, SIX"
23110064,1,Weekend Warriors (WW),8.3,Leel,RK,6,,0,0,1,0,"Leel to RK, SIX"
23110064,1,Weekend Warriors (WW),8.2,Leel,RK,2,,0,0,0,0,"Leel to RK, 2 runs"
23110064,1,Weekend Warriors (WW),8.1,Leel,RK,0,,0,0,0,1,"Leel to RK, no run"
23110064,1,Weekend Warriors (WW),8.1,Leel,RK,0,WD,0,0,0,0,"Leel to RK, wide"
23110064,1,Weekend Warriors (WW),8.0,Jithin Tj,Rajkumar Muddasu,2,,0,0,0,0,"Jithin Tj to Rajkumar Muddasu, 2 runs"
23110064,1,Weekend Warriors (WW),7.5,Jithin Tj,Rajkumar Muddasu,0,,0,0,0,1,"Jithin Tj to Rajkumar Muddasu, no run"
23110064,1,Weekend Warriors (WW),7.4,Jithin Tj,Rajkumar Muddasu,0,,0,0,0,1,"Jithin Tj to Rajkumar Muddasu, no run"
23110064,1,Weekend Warriors (WW),7.3,Jithin Tj,Rajkumar Muddasu,2,,0,0,0,0,"Jithin Tj to Rajkumar Muddasu, 2 runs"
23110064,1,Weekend Warriors (WW),7.2,Jithin Tj,Rajkumar Muddasu,2,,0,0,0,0,"Jithin Tj to Rajkumar Muddasu, 2 runs"
23110064,1,Weekend Warriors (WW),7.1,Jithin Tj,Rajkumar Muddasu,6,,0,0,1,0,"Jithin Tj to Rajkumar Muddasu, SIX"
23110064,1,Weekend Warriors (WW),7.0,Arun,RK,0,,0,0,0,1,"Arun to RK, no run"
23110064,1,Weekend Warriors (WW),7.0,Arun,RK,0,NB,0,0,0,0,"Arun to RK, (no ball)"
23110064,1,Weekend Warriors (WW),6.5,Arun,RK,0,,0,0,0,1,"Arun to RK, no run"
23110064,1,Weekend Warriors (WW),6.4,Arun,RK,0,,0,0,0,1,"Arun to RK, no run"
23110064,1,Weekend Warriors (WW),6.3,Arun,RK,2,,0,0,0,0,"Arun to RK, 2 runs"
23110064,1,Weekend Warriors (WW),6.3,Arun,RK,0,WD,0,0,0,0,"Arun to RK, wide"
23110064,1,Weekend Warriors (WW),6.2,Arun,RK,2,,0,0,0,0,"Arun to RK, 2 runs"
23110064,1,Weekend Warriors (WW),6.1,Arun,Rajkumar Muddasu,1,,0,0,0,0,"Arun to Rajkumar Muddasu, 1 run"
23110064,1,Weekend Warriors (WW),6.1,Arun,Rajkumar Muddasu,0,WD,0,0,0,0,"Arun to Rajkumar Muddasu, wide"
23110064,1,Weekend Warriors (WW),6.0,Gopi,RK,0,,0,0,0,1,"Gopi to RK, no run"
23110064,1,Weekend Warriors (WW),5.5,Gopi,RK,0,,0,0,0,1,"Gopi to RK, no run"
23110064,1,Weekend Warriors (WW),5.4,Gopi,RK,0,,0,0,0,1,"Gopi to RK, no run"
23110064,1,Weekend Warriors (WW),5.3,Gopi,RK,2,,0,0,0,0,"Gopi to RK, 2 runs"
23110064,1,Weekend Warriors (WW),5.2,Gopi,RK,2,,0,0,0,0,"Gopi to RK, 2 runs"
23110064,1,Weekend Warriors (WW),5.1,Gopi,RK,6,,0,0,1,0,"Gopi to RK, SIX"
23110064,1,Weekend Warriors (WW),5.1,Gopi,RK,0,,0,1,0,1,"Gopi to RK, no run, RETIRED HURT"
23110064,1,Weekend Warriors (WW),5.0,Jithin Tj,Ashok adapala,0,,0,0,0,1,"Jithin Tj to Ashok adapala, no run"
23110064,1,Weekend Warriors (WW),4.5,Jithin Tj,Ashok adapala,0,,0,0,0,1,"Jithin Tj to Ashok adapala, no run"
23110064,1,Weekend Warriors (WW),4.4,Jithin Tj,Ashok adapala,0,,0,0,0,1,"Jithin Tj to Ashok adapala, no run"
23110064,1,Weekend Warriors (WW),4.3,Jithin Tj,Ashok adapala,0,,0,0,0,1,"Jithin Tj to Ashok adapala, no run"
23110064,1,Weekend Warriors (WW),4.2,Jithin Tj,Ashok adapala,0,,0,0,0,1,"Jithin Tj to Ashok adapala, no run"
23110064,1,Weekend Warriors (WW),4.1,Jithin Tj,Ashok adapala,0,,0,0,0,1,"Jithin Tj to Ashok adapala, no run"
23110064,1,Weekend Warriors (WW),4.0,Srinivas Vemulapalli,RK,0,,0,0,0,1,"Srinivas Vemulapalli to RK, no run"
23110064,1,Weekend Warriors (WW),3.5,Srinivas Vemulapalli,RK,0,,0,0,0,1,"Srinivas Vemulapalli to RK, no run"
23110064,1,Weekend Warriors (WW),3.4,Srinivas Vemulapalli,RK,2,,0,0,0,0,"Srinivas Vemulapalli to RK, 2 runs"
23110064,1,Weekend Warriors (WW),3.3,Srinivas Vemulapalli,RK,0,,0,0,0,1,"Srinivas Vemulapalli to RK, no run"
23110064,1,Weekend Warriors (WW),3.2,Srinivas Vemulapalli,RK,0,,0,0,0,1,"Srinivas Vemulapalli to RK, no run"
23110064,1,Weekend Warriors (WW),3.1,Srinivas Vemulapalli,Ashok adapala,1,,0,0,0,0,"Srinivas Vemulapalli to Ashok adapala, 1 run"
23110064,1,Weekend Warriors (WW),3.0,Mahesh,RK,0,,0,0,0,1,"Mahesh to RK, no run"
23110064,1,Weekend Warriors (WW),2.5,Mahesh,Lokesh kumar YC,0,,0,1,0,1,"Mahesh to Lokesh kumar YC, OUT Caught behind, Caught Behind by Manjunath H"
23110064,1,Weekend Warriors (WW),2.4,Mahesh,Lokesh kumar YC,0,,0,0,0,1,"Mahesh to Lokesh kumar YC, no run"
23110064,1,Weekend Warriors (WW),2.4,Mahesh,Lokesh kumar YC,0,WD,0,0,0,0,"Mahesh to Lokesh kumar YC, wide"
23110064,1,Weekend Warriors (WW),2.4,Mahesh,Lokesh kumar YC,0,WD,0,0,0,0,"Mahesh to Lokesh kumar YC, wide"
23110064,1,Weekend Warriors (WW),2.3,Mahesh,Pabitra,0,,0,1,0,1,"Mahesh to Pabitra, OUT Bowled"
23110064,1,Weekend Warriors (WW),2.2,Mahesh,Ashok adapala,1,,0,0,0,0,"Mahesh to Ashok adapala, 1 run"
23110064,1,Weekend Warriors (WW),2.1,Mahesh,Pabitra,1,,0,0,0,0,"Mahesh to Pabitra, 1 run"
23110064,1,Weekend Warriors (WW),2.0,Gopi,Ashok adapala,0,,0,0,0,1,"Gopi to Ashok adapala, no run"
23110064,1,Weekend Warriors (WW),1.5,Gopi,Pabitra,1,,0,0,0,0,"Gopi to Pabitra, 1 run"
23110064,1,Weekend Warriors (WW),1.5,Gopi,Pabitra,0,NB,0,0,0,0,"Gopi to Pabitra, (no ball)"
23110064,1,Weekend Warriors (WW),1.4,Gopi,Pabitra,2,,0,0,0,0,"Gopi to Pabitra, 2 runs"
23110064,1,Weekend Warriors (WW),1.3,Gopi,Pabitra,0,,0,0,0,1,"Gopi to Pabitra, no run"
23110064,1,Weekend Warriors (WW),1.2,Gopi,Pabitra,0,,0,0,0,1,"Gopi to Pabitra, no run"
23110064,1,Weekend Warriors (WW),1.2,Gopi,Pabitra,0,WD,0,0,0,0,"Gopi to Pabitra, wide"
23110064,1,Weekend Warriors (WW),1.1,Gopi,Ashok adapala,1,,0,0,0,0,"Gopi to Ashok adapala, 1 run"
23110064,1,Weekend Warriors (WW),1.0,Mahesh,Pabitra,0,,0,0,0,1,"Mahesh to Pabitra, no run"
23110064,1,Weekend Warriors (WW),0.5,Mahesh,Ashok,0,,0,1,0,1,"Mahesh to Ashok, OUT Caught out, Caught by Leel"
23110064,1,Weekend Warriors (WW),0.4,Mahesh,Ashok adapala,1,,0,0,0,0,"Mahesh to Ashok adapala, 1 run"
23110064,1,Weekend Warriors (WW),0.3,Mahesh,Ashok adapala,2,,0,0,0,0,"Mahesh to Ashok adapala, 2 runs"
23110064,1,Weekend Warriors (WW),0.2,Mahesh,Ashok adapala,0,,0,0,0,1,"Mahesh to Ashok adapala, no run"
23110064,1,Weekend Warriors (WW),0.1,Mahesh,Ashok adapala,0,,0,0,0,1,"Mahesh to Ashok adapala, no run"
23110064,2,Royal Cricket Blasters (RCB),9.0,Sudheer Nidiginti,Murali Cn Cricket,4,,0,0,1,0,"Sudheer Nidiginti to Murali Cn Cricket, FOUR"
23110064,2,Royal Cricket Blasters (RCB),8.5,Sudheer Nidiginti,Manjunath H,1,,0,0,0,0,"Sudheer Nidiginti to Manjunath H, 1 run"
23110064,2,Royal Cricket Blasters (RCB),8.4,Sudheer Nidiginti,Murali Cn Cricket,1,,0,0,0,0,"Sudheer Nidiginti to Murali Cn Cricket, 1 run"
23110064,2,Royal Cricket Blasters (RCB),8.3,Sudheer Nidiginti,Murali Cn Cricket,0,,0,0,0,1,"Sudheer Nidiginti to Murali Cn Cricket, no run"
23110064,2,Royal Cricket Blasters (RCB),8.2,Sudheer Nidiginti,Murali Cn Cricket,0,,0,0,0,1,"Sudheer Nidiginti to Murali Cn Cricket, no run"
23110064,2,Royal Cricket Blasters (RCB),8.1,Sudheer Nidiginti,Manjunath H,1,,0,0,0,0,"Sudheer Nidiginti to Manjunath H, 1 run"
23110064,2,Royal Cricket Blasters (RCB),8.0,Lokesh kumar YC,Murali Cn Cricket,0,,0,0,0,1,"Lokesh kumar YC to Murali Cn Cricket, no run"
23110064,2,Royal Cricket Blasters (RCB),7.5,Lokesh kumar YC,Vijay 208,0,,0,1,0,1,"Lokesh kumar YC to Vijay 208, OUT Bowled"
23110064,2,Royal Cricket Blasters (RCB),7.4,Lokesh kumar YC,Manjunath H,1,,0,0,0,0,"Lokesh kumar YC to Manjunath H, 1 run"
23110064,2,Royal Cricket Blasters (RCB),7.3,Lokesh kumar YC,Vinay KS,0,,0,1,0,1,"Lokesh kumar YC to Vinay KS, OUT Caught out, Caught by seenu"
23110064,2,Royal Cricket Blasters (RCB),7.2,Lokesh kumar YC,Vinay KS,0,,0,0,0,1,"Lokesh kumar YC to Vinay KS, no run"
23110064,2,Royal Cricket Blasters (RCB),7.1,Lokesh kumar YC,Vinay KS,0,,0,0,0,1,"Lokesh kumar YC to Vinay KS, no run"
23110064,2,Royal Cricket Blasters (RCB),7.0,Srikanta Maddara,Vijay 208,0,,0,0,0,1,"Srikanta Maddara to Vijay 208, no run"
23110064,2,Royal Cricket Blasters (RCB),6.5,Srikanta Maddara,Vinay KS,1,,0,0,0,0,"Srikanta Maddara to Vinay KS, 1 run"
23110064,2,Royal Cricket Blasters (RCB),6.4,Srikanta Maddara,Vinay KS,0,,0,0,0,1,"Srikanta Maddara to Vinay KS, no run"
23110064,2,Royal Cricket Blasters (RCB),6.3,Srikanta Maddara,Vinay KS,6,,0,0,1,0,"Srikanta Maddara to Vinay KS, SIX"
23110064,2,Royal Cricket Blasters (RCB),6.3,Srikanta Maddara,Vinay KS,0,,0,1,0,1,"Srikanta Maddara to Vinay KS, no run, RETIRED HURT"
23110064,2,Royal Cricket Blasters (RCB),6.2,Srikanta Maddara,GIRISH G,1,,0,0,0,0,"Srikanta Maddara to GIRISH G, 1 run"
23110064,2,Royal Cricket Blasters (RCB),6.1,Srikanta Maddara,GIRISH G,0,,0,0,0,1,"Srikanta Maddara to GIRISH G, no run"
23110064,2,Royal Cricket Blasters (RCB),6.0,Lokesh kumar YC,GIRISH G,0,,0,0,0,1,"Lokesh kumar YC to GIRISH G, no run"
23110064,2,Royal Cricket Blasters (RCB),5.5,Lokesh kumar YC,Vinay KS,2,,0,0,0,0,"Lokesh kumar YC to Vinay KS, 2 runs"
23110064,2,Royal Cricket Blasters (RCB),5.4,Lokesh kumar YC,GIRISH G,1,,0,0,0,0,"Lokesh kumar YC to GIRISH G, 1 run"
23110064,2,Royal Cricket Blasters (RCB),5.3,Lokesh kumar YC,Vinay KS,1,,0,0,0,0,"Lokesh kumar YC to Vinay KS, 1 run"
23110064,2,Royal Cricket Blasters (RCB),5.2,Lokesh kumar YC,Vinay KS,0,,0,0,0,1,"Lokesh kumar YC to Vinay KS, no run"
23110064,2,Royal Cricket Blasters (RCB),5.1,Lokesh kumar YC,GIRISH G,1,,0,0,0,0,"Lokesh kumar YC to GIRISH G, 1 run"
23110064,2,Royal Cricket Blasters (RCB),5.0,Srikanta Maddara,GIRISH G,1,,0,0,0,0,"Srikanta Maddara to GIRISH G, 1 run"
23110064,2,Royal Cricket Blasters (RCB),4.5,Srikanta Maddara,GIRISH G,2,,0,0,0,0,"Srikanta Maddara to GIRISH G, 2 runs"
23110064,2,Royal Cricket Blasters (RCB),4.4,Srikanta Maddara,GIRISH G,0,,0,0,0,1,"Srikanta Maddara to GIRISH G, no run"
23110064,2,Royal Cricket Blasters (RCB),4.3,Srikanta Maddara,Vinay KS,1,,0,0,0,0,"Srikanta Maddara to Vinay KS, 1 run"
23110064,2,Royal Cricket Blasters (RCB),4.2,Srikanta Maddara,Vinay KS,0,,0,0,0,1,"Srikanta Maddara to Vinay KS, no run"
23110064,2,Royal Cricket Blasters (RCB),4.1,Srikanta Maddara,GIRISH G,1,,0,0,0,0,"Srikanta Maddara to GIRISH G, 1 run"
23110064,2,Royal Cricket Blasters (RCB),4.0,Pabitra,Vinay KS,6,,0,0,1,0,"Pabitra to Vinay KS, SIX"
23110064,2,Royal Cricket Blasters (RCB),3.5,Pabitra,Vinay KS,6,,0,0,1,0,"Pabitra to Vinay KS, SIX"
23110064,2,Royal Cricket Blasters (RCB),3.4,Pabitra,Vinay KS,0,,0,0,0,1,"Pabitra to Vinay KS, no run"
23110064,2,Royal Cricket Blasters (RCB),3.3,Pabitra,Vinay KS,0,,0,0,0,1,"Pabitra to Vinay KS, no run"
23110064,2,Royal Cricket Blasters (RCB),3.2,Pabitra,GIRISH G,1,,0,0,0,0,"Pabitra to GIRISH G, 1 run"
23110064,2,Royal Cricket Blasters (RCB),3.1,Pabitra,GIRISH G,2,,0,0,0,0,"Pabitra to GIRISH G, 2 runs"
23110064,2,Royal Cricket Blasters (RCB),3.0,Karthik Reddy,Vinay KS,0,,0,0,0,1,"Karthik Reddy to Vinay KS, no run"
23110064,2,Royal Cricket Blasters (RCB),2.5,Karthik Reddy,Vinay KS,6,,0,0,1,0,"Karthik Reddy to Vinay KS, SIX"
23110064,2,Royal Cricket Blasters (RCB),2.4,Karthik Reddy,Vinay KS,0,,0,0,0,1,"Karthik Reddy to Vinay KS, no run"
23110064,2,Royal Cricket Blasters (RCB),2.3,Karthik Reddy,Vinay KS,0,,0,0,0,1,"Karthik Reddy to Vinay KS, no run"
23110064,2,Royal Cricket Blasters (RCB),2.3,Karthik Reddy,Vinay KS,4,NB,0,0,1,0,"Karthik Reddy to Vinay KS, (no ball), FOUR"
23110064,2,Royal Cricket Blasters (RCB),2.2,Karthik Reddy,Vinay KS,4,,0,0,1,0,"Karthik Reddy to Vinay KS, FOUR"
23110064,2,Royal Cricket Blasters (RCB),2.1,Karthik Reddy,GIRISH G,1,,0,0,0,0,"Karthik Reddy to GIRISH G, 1 run"
23110064,2,Royal Cricket Blasters (RCB),2.0,Pabitra,Vinay KS,0,,0,1,0,1,"Pabitra to Vinay KS, OUT Run out, Throw by Ashok"
23110064,2,Royal Cricket Blasters (RCB),1.5,Pabitra,Vinay KS,0,,0,0,0,1,"Pabitra to Vinay KS, no run"
23110064,2,Royal Cricket Blasters (RCB),1.4,Pabitra,Vinay KS,0,,0,0,0,1,"Pabitra to Vinay KS, no run"
23110064,2,Royal Cricket Blasters (RCB),1.3,Pabitra,Mahesh,1,,0,0,0,0,"Pabitra to Mahesh, 1 run"
23110064,2,Royal Cricket Blasters (RCB),1.2,Pabitra,Mahesh,0,,0,0,0,1,"Pabitra to Mahesh, no run"
23110064,2,Royal Cricket Blasters (RCB),1.1,Pabitra,Mahesh,2,,0,0,0,0,"Pabitra to Mahesh, 2 runs"
23110064,2,Royal Cricket Blasters (RCB),1.0,Sudheer Nidiginti,Vinay KS,2,,0,0,0,0,"Sudheer Nidiginti to Vinay KS, 2 runs"
23110064,2,Royal Cricket Blasters (RCB),0.5,Sudheer Nidiginti,Mahesh,1,,0,0,0,0,"Sudheer Nidiginti to Mahesh, 1 run"
23110064,2,Royal Cricket Blasters (RCB),0.4,Sudheer Nidiginti,Mahesh,0,,0,0,0,1,"Sudheer Nidiginti to Mahesh, no run"
23110064,2,Royal Cricket Blasters (RCB),0.3,Sudheer Nidiginti,Vinay KS,1,,0,0,0,0,"Sudheer Nidiginti to Vinay KS, 1 run"
23110064,2,Royal Cricket Blasters (RCB),0.3,Sudheer Nidiginti,Vinay KS,0,NB,0,0,0,0,"Sudheer Nidiginti to Vinay KS, (no ball)"
23110064,2,Royal Cricket Blasters (RCB),0.2,Sudheer Nidiginti,Vinay KS,0,,0,0,0,1,"Sudheer Nidiginti to Vinay KS, no run"
23110064,2,Royal Cricket Blasters (RCB),0.1,Sudheer Nidiginti,Vinay KS,0,,0,0,0,1,"Sudheer Nidiginti to Vinay KS, no run"
23110064,2,Royal Cricket Blasters (RCB),0.1,Sudheer Nidiginti,Vinay KS,0,WD,0,0,0,0,"Sudheer Nidiginti to Vinay KS, wide"
22943981,1,Royal Cricket Blasters (RCB),10.0,Ashok,Arun,2,,0,0,0,0,"Ashok to Arun, 2 runs"
22943981,1,Royal Cricket Blasters (RCB),9.5,Ashok,Manjunath H,1,,0,0,0,0,"Ashok to Manjunath H, 1 run"
22943981,1,Royal Cricket Blasters (RCB),9.4,Ashok,Manjunath H,0,,0,0,0,1,"Ashok to Manjunath H, no run"
22943981,1,Royal Cricket Blasters (RCB),9.3,Ashok,Manjunath H,6,,0,0,1,0,"Ashok to Manjunath H, SIX"
22943981,1,Royal Cricket Blasters (RCB),9.2,Ashok,Arun,1,,0,0,0,0,"Ashok to Arun, 1 run"
22943981,1,Royal Cricket Blasters (RCB),9.1,Ashok,Arun,4,,0,0,1,0,"Ashok to Arun, FOUR"
22943981,1,Royal Cricket Blasters (RCB),9.0,Srikanta Maddara,Manjunath H,0,,0,0,0,1,"Srikanta Maddara to Manjunath H, no run"
22943981,1,Royal Cricket Blasters (RCB),8.5,Srikanta Maddara,Arun,1,,0,0,0,0,"Srikanta Maddara to Arun, 1 run"
22943981,1,Royal Cricket Blasters (RCB),8.4,Srikanta Maddara,Arun,0,,0,0,0,1,"Srikanta Maddara to Arun, no run"
22943981,1,Royal Cricket Blasters (RCB),8.3,Srikanta Maddara,Arun,0,,0,0,0,1,"Srikanta Maddara to Arun, no run"
22943981,1,Royal Cricket Blasters (RCB),8.2,Srikanta Maddara,Manjunath H,1,,0,0,0,0,"Srikanta Maddara to Manjunath H, 1 run"
22943981,1,Royal Cricket Blasters (RCB),8.1,Srikanta Maddara,Manjunath H,0,,0,0,0,1,"Srikanta Maddara to Manjunath H, no run"
22943981,1,Royal Cricket Blasters (RCB),8.0,Sudhir Midtown,Arun,6,,0,0,1,0,"Sudhir Midtown to Arun, SIX"
22943981,1,Royal Cricket Blasters (RCB),8.0,Sudhir Midtown,Arun,0,WD,0,0,0,0,"Sudhir Midtown to Arun, wide"
22943981,1,Royal Cricket Blasters (RCB),7.5,Sudhir Midtown,Arun,0,,0,0,0,1,"Sudhir Midtown to Arun, no run"
22943981,1,Royal Cricket Blasters (RCB),7.4,Sudhir Midtown,Arun,0,,0,0,0,1,"Sudhir Midtown to Arun, no run"
22943981,1,Royal Cricket Blasters (RCB),7.4,Sudhir Midtown,Arun,0,WD,0,0,0,0,"Sudhir Midtown to Arun, wide"
22943981,1,Royal Cricket Blasters (RCB),7.4,Sudhir Midtown,Arun,0,WD,0,0,0,0,"Sudhir Midtown to Arun, wide"
22943981,1,Royal Cricket Blasters (RCB),7.3,Sudhir Midtown,Arun,2,,0,0,0,0,"Sudhir Midtown to Arun, 2 runs"
22943981,1,Royal Cricket Blasters (RCB),7.2,Sudhir Midtown,Arun,6,,0,0,1,0,"Sudhir Midtown to Arun, SIX"
22943981,1,Royal Cricket Blasters (RCB),7.2,Sudhir Midtown,Arun,0,WD,0,0,0,0,"Sudhir Midtown to Arun, wide"
22943981,1,Royal Cricket Blasters (RCB),7.1,Sudhir Midtown,Manjunath H,1,,0,0,0,0,"Sudhir Midtown to Manjunath H, 1 run"
22943981,1,Royal Cricket Blasters (RCB),7.0,Pabitra,Arun,4,,0,0,1,0,"Pabitra to Arun, FOUR"
22943981,1,Royal Cricket Blasters (RCB),6.5,Pabitra,Arun,0,,0,0,0,1,"Pabitra to Arun, no run"
22943981,1,Royal Cricket Blasters (RCB),6.4,Pabitra,Arun,4,,0,0,1,0,"Pabitra to Arun, FOUR"
22943981,1,Royal Cricket Blasters (RCB),6.3,Pabitra,Arun,0,,0,0,0,1,"Pabitra to Arun, no run"
22943981,1,Royal Cricket Blasters (RCB),6.2,Pabitra,Arun,4,,0,0,1,0,"Pabitra to Arun, FOUR"
22943981,1,Royal Cricket Blasters (RCB),6.1,Pabitra,Arun,6,,0,0,1,0,"Pabitra to Arun, SIX"
22943981,1,Royal Cricket Blasters (RCB),6.0,Venkat A,Manjunath H,2,,0,0,0,0,"Venkat A to Manjunath H, 2 runs"
22943981,1,Royal Cricket Blasters (RCB),5.5,Venkat A,Manjunath H,0,,0,0,0,1,"Venkat A to Manjunath H, no run"
22943981,1,Royal Cricket Blasters (RCB),5.4,Venkat A,Manjunath H,0,,0,0,0,1,"Venkat A to Manjunath H, no run"
22943981,1,Royal Cricket Blasters (RCB),5.3,Venkat A,Manjunath H,0,,0,0,0,1,"Venkat A to Manjunath H, no run"
22943981,1,Royal Cricket Blasters (RCB),5.2,Venkat A,Manjunath H,0,,0,0,0,1,"Venkat A to Manjunath H, no run"
22943981,1,Royal Cricket Blasters (RCB),5.1,Venkat A,Manjunath H,0,,0,0,0,1,"Venkat A to Manjunath H, no run"
22943981,1,Royal Cricket Blasters (RCB),5.0,Lokesh kumar YC,Arun,0,,0,0,0,1,"Lokesh kumar YC to Arun, no run"
22943981,1,Royal Cricket Blasters (RCB),4.5,Lokesh kumar YC,Arun,2,,0,0,0,0,"Lokesh kumar YC to Arun, 2 runs"
22943981,1,Royal Cricket Blasters (RCB),4.4,Lokesh kumar YC,Arun,4,,0,0,1,0,"Lokesh kumar YC to Arun, FOUR"
22943981,1,Royal Cricket Blasters (RCB),4.4,Lokesh kumar YC,Manjunath H,1,NB,0,0,0,0,"Lokesh kumar YC to Manjunath H, (no ball), 1 run"
22943981,1,Royal Cricket Blasters (RCB),4.3,Lokesh kumar YC,Arun,1,,0,0,0,0,"Lokesh kumar YC to Arun, 1 run"
22943981,1,Royal Cricket Blasters (RCB),4.2,Lokesh kumar YC,Arun,0,,0,0,0,1,"Lokesh kumar YC to Arun, no run"
22943981,1,Royal Cricket Blasters (RCB),4.1,Lokesh kumar YC,Manjunath H,1,,0,0,0,0,"Lokesh kumar YC to Manjunath H, 1 run"
22943981,1,Royal Cricket Blasters (RCB),4.0,Venkat A,Arun,0,,0,0,0,1,"Venkat A to Arun, no run"
22943981,1,Royal Cricket Blasters (RCB),3.5,Venkat A,Arun,6,,0,0,1,0,"Venkat A to Arun, SIX"
22943981,1,Royal Cricket Blasters (RCB),3.4,Venkat A,Arun,2,,0,0,0,0,"Venkat A to Arun, 2 runs"
22943981,1,Royal Cricket Blasters (RCB),3.3,Venkat A,Arun,0,,0,0,0,1,"Venkat A to Arun, no run"
22943981,1,Royal Cricket Blasters (RCB),3.2,Venkat A,Arun,2,,0,0,0,0,"Venkat A to Arun, 2 runs"
22943981,1,Royal Cricket Blasters (RCB),3.1,Venkat A,Leel,0,,0,1,0,1,"Venkat A to Leel, OUT Caught behind, Caught Behind by Ashok adapala"
22943981,1,Royal Cricket Blasters (RCB),3.0,Srikanta Maddara,Manjunath H,0,,0,0,0,1,"Srikanta Maddara to Manjunath H, no run"
22943981,1,Royal Cricket Blasters (RCB),2.5,Srikanta Maddara,Manjunath H,0,,0,0,0,1,"Srikanta Maddara to Manjunath H, no run"
22943981,1,Royal Cricket Blasters (RCB),2.4,Srikanta Maddara,Manjunath H,0,,0,0,0,1,"Srikanta Maddara to Manjunath H, no run"
22943981,1,Royal Cricket Blasters (RCB),2.3,Srikanta Maddara,Manjunath H,0,,0,0,0,1,"Srikanta Maddara to Manjunath H, no run"
22943981,1,Royal Cricket Blasters (RCB),2.2,Srikanta Maddara,Manjunath H,6,,0,0,1,0,"Srikanta Maddara to Manjunath H, SIX"
22943981,1,Royal Cricket Blasters (RCB),2.1,Srikanta Maddara,Manjunath H,4,,0,0,1,0,"Srikanta Maddara to Manjunath H, FOUR"
22943981,1,Royal Cricket Blasters (RCB),2.0,Lokesh kumar YC,Leel,0,,0,0,0,1,"Lokesh kumar YC to Leel, no run"
22943981,1,Royal Cricket Blasters (RCB),1.5,Lokesh kumar YC,Leel,0,,0,0,0,1,"Lokesh kumar YC to Leel, no run"
22943981,1,Royal Cricket Blasters (RCB),1.5,Lokesh kumar YC,Leel,0,WD,0,0,0,0,"Lokesh kumar YC to Leel, wide"
22943981,1,Royal Cricket Blasters (RCB),1.4,Lokesh kumar YC,Leel,0,,0,0,0,1,"Lokesh kumar YC to Leel, no run"
22943981,1,Royal Cricket Blasters (RCB),1.3,Lokesh kumar YC,Leel,4,,0,0,1,0,"Lokesh kumar YC to Leel, FOUR"
22943981,1,Royal Cricket Blasters (RCB),1.2,Lokesh kumar YC,Leel,0,,0,0,0,1,"Lokesh kumar YC to Leel, no run"
22943981,1,Royal Cricket Blasters (RCB),1.1,Lokesh kumar YC,GIRISH G,0,,0,1,0,1,"Lokesh kumar YC to GIRISH G, OUT Caught behind, Caught Behind by Ashok adapala"
22943981,1,Royal Cricket Blasters (RCB),1.0,Pabitra,Vinay KS,0,,0,1,0,1,"Pabitra to Vinay KS, OUT Stumped"
22943981,1,Royal Cricket Blasters (RCB),0.5,Pabitra,GIRISH G,1,,0,0,0,0,"Pabitra to GIRISH G, 1 run"
22943981,1,Royal Cricket Blasters (RCB),0.4,Pabitra,GIRISH G,0,,0,0,0,1,"Pabitra to GIRISH G, no run"
22943981,1,Royal Cricket Blasters (RCB),0.3,Pabitra,GIRISH G,6,,0,0,1,0,"Pabitra to GIRISH G, SIX"
22943981,1,Royal Cricket Blasters (RCB),0.2,Pabitra,GIRISH G,2,,0,0,0,0,"Pabitra to GIRISH G, 2 runs"
22943981,1,Royal Cricket Blasters (RCB),0.1,Pabitra,GIRISH G,0,,0,0,0,1,"Pabitra to GIRISH G, no run"
22943981,2,Weekend Warriors (WW),10.0,Vinay KS,Pabitra,0,,0,1,0,1,"Vinay KS to Pabitra, OUT Run out, Throw by Vinay KS"
22943981,2,Weekend Warriors (WW),9.5,Vinay KS,Ashok adapala,1,,0,0,0,0,"Vinay KS to Ashok adapala, 1 run"
22943981,2,Weekend Warriors (WW),9.4,Vinay KS,Lokesh kumar YC,0,,0,1,0,1,"Vinay KS to Lokesh kumar YC, OUT Caught out, Caught by Arun"
22943981,2,Weekend Warriors (WW),9.4,Vinay KS,Lokesh kumar YC,0,WD,0,0,0,0,"Vinay KS to Lokesh kumar YC, wide"
22943981,2,Weekend Warriors (WW),9.3,Vinay KS,Lokesh kumar YC,0,,0,0,0,1,"Vinay KS to Lokesh kumar YC, no run"
22943981,2,Weekend Warriors (WW),9.2,Vinay KS,Sudhir Midtown,0,,0,1,0,1,"Vinay KS to Sudhir Midtown, OUT Stumped"
22943981,2,Weekend Warriors (WW),9.1,Vinay KS,Sudhir Midtown,6,,0,0,1,0,"Vinay KS to Sudhir Midtown, SIX"
22943981,2,Weekend Warriors (WW),9.0,Manjunath H,Pabitra,0,,0,0,0,1,"Manjunath H to Pabitra, no run"
22943981,2,Weekend Warriors (WW),8.5,Manjunath H,Ashok,0,,0,1,0,1,"Manjunath H to Ashok, OUT Stumped"
22943981,2,Weekend Warriors (WW),8.4,Manjunath H,Ashok,0,,0,0,0,1,"Manjunath H to Ashok, no run"
22943981,2,Weekend Warriors (WW),8.3,Manjunath H,Srikanta Maddara,0,,0,1,0,1,"Manjunath H to Srikanta Maddara, OUT Caught out, Caught by Mithun"
22943981,2,Weekend Warriors (WW),8.2,Manjunath H,Sudhir Midtown,1,,0,0,0,0,"Manjunath H to Sudhir Midtown, 1 run"
22943981,2,Weekend Warriors (WW),8.2,Manjunath H,Sudhir Midtown,0,WD,0,0,0,0,"Manjunath H to Sudhir Midtown, wide"
22943981,2,Weekend Warriors (WW),8.2,Manjunath H,Sudhir Midtown,0,WD,0,0,0,0,"Manjunath H to Sudhir Midtown, wide"
22943981,2,Weekend Warriors (WW),8.1,Manjunath H,Sudhir Midtown,0,,0,0,0,1,"Manjunath H to Sudhir Midtown, no run"
22943981,2,Weekend Warriors (WW),8.1,Manjunath H,Sudhir Midtown,0,WD,0,0,0,0,"Manjunath H to Sudhir Midtown, wide"
22943981,2,Weekend Warriors (WW),8.1,Manjunath H,Sudhir Midtown,0,WD,0,0,0,0,"Manjunath H to Sudhir Midtown, wide"
22943981,2,Weekend Warriors (WW),8.1,Manjunath H,Sudhir Midtown,0,WD,0,0,0,0,"Manjunath H to Sudhir Midtown, wide"
22943981,2,Weekend Warriors (WW),8.0,Vinay KS,Srikanta Maddara,0,,0,0,0,1,"Vinay KS to Srikanta Maddara, no run"
22943981,2,Weekend Warriors (WW),7.5,Vinay KS,Sudhir Midtown,1,,0,0,0,0,"Vinay KS to Sudhir Midtown, 1 run"
22943981,2,Weekend Warriors (WW),7.5,Vinay KS,Sudhir Midtown,0,WD,0,0,0,0,"Vinay KS to Sudhir Midtown, wide"
22943981,2,Weekend Warriors (WW),7.4,Vinay KS,Sudhir Midtown,2,,0,0,0,0,"Vinay KS to Sudhir Midtown, 2 runs"
22943981,2,Weekend Warriors (WW),7.3,Vinay KS,Subbu,0,,0,1,0,1,"Vinay KS to Subbu, OUT Stumped"
22943981,2,Weekend Warriors (WW),7.2,Vinay KS,Subbu,0,,0,0,0,1,"Vinay KS to Subbu, no run"
22943981,2,Weekend Warriors (WW),7.1,Vinay KS,Subbu,2,,0,0,0,0,"Vinay KS to Subbu, 2 runs"
22943981,2,Weekend Warriors (WW),7.0,Srinivas Vemulapalli,Srikanta Maddara,0,,0,0,0,1,"Srinivas Vemulapalli to Srikanta Maddara, no run"
22943981,2,Weekend Warriors (WW),7.0,Srinivas Vemulapalli,Srikanta Maddara,0,NB,0,0,0,0,"Srinivas Vemulapalli to Srikanta Maddara, (no ball)"
22943981,2,Weekend Warriors (WW),7.0,Srinivas Vemulapalli,Srikanta Maddara,0,WD,0,0,0,0,"Srinivas Vemulapalli to Srikanta Maddara, wide"
22943981,2,Weekend Warriors (WW),6.5,Srinivas Vemulapalli,Srikanta Maddara,0,,0,0,0,1,"Srinivas Vemulapalli to Srikanta Maddara, no run"
22943981,2,Weekend Warriors (WW),6.4,Srinivas Vemulapalli,Srikanta Maddara,4,,0,0,1,0,"Srinivas Vemulapalli to Srikanta Maddara, FOUR"
22943981,2,Weekend Warriors (WW),6.3,Srinivas Vemulapalli,Srikanta Maddara,0,,0,0,0,1,"Srinivas Vemulapalli to Srikanta Maddara, no run"
22943981,2,Weekend Warriors (WW),6.2,Srinivas Vemulapalli,Subbu,1,,0,0,0,0,"Srinivas Vemulapalli to Subbu, 1 run"
22943981,2,Weekend Warriors (WW),6.1,Srinivas Vemulapalli,Subbu,4,,0,0,1,0,"Srinivas Vemulapalli to Subbu, FOUR"
22943981,2,Weekend Warriors (WW),6.1,Srinivas Vemulapalli,Subbu,0,WD,0,0,0,0,"Srinivas Vemulapalli to Subbu, wide"
22943981,2,Weekend Warriors (WW),6.0,Murali Cn Cricket,Subbu,1,,0,0,0,0,"Murali Cn Cricket to Subbu, 1 run"
22943981,2,Weekend Warriors (WW),5.5,Murali Cn Cricket,Subbu,2,,0,0,0,0,"Murali Cn Cricket to Subbu, 2 runs"
22943981,2,Weekend Warriors (WW),5.4,Murali Cn Cricket,Subbu,2,,0,0,0,0,"Murali Cn Cricket to Subbu, 2 runs"
22943981,2,Weekend Warriors (WW),5.3,Murali Cn Cricket,Subbu,0,,0,0,0,1,"Murali Cn Cricket to Subbu, no run"
22943981,2,Weekend Warriors (WW),5.2,Murali Cn Cricket,RK,0,,0,1,0,1,"Murali Cn Cricket to RK, OUT Caught out, Caught by Vinay KS"
22943981,2,Weekend Warriors (WW),5.1,Murali Cn Cricket,RK,0,,0,0,0,1,"Murali Cn Cricket to RK, no run"
22943981,2,Weekend Warriors (WW),5.1,Murali Cn Cricket,RK,0,NB,0,0,0,0,"Murali Cn Cricket to RK, (no ball)"
22943981,2,Weekend Warriors (WW),5.1,Murali Cn Cricket,RK,0,WD,0,0,0,0,"Murali Cn Cricket to RK, wide"
22943981,2,Weekend Warriors (WW),5.0,Gopi,RK,1,,0,0,0,0,"Gopi to RK, 1 run"
22943981,2,Weekend Warriors (WW),4.5,Gopi,RK,0,,0,0,0,1,"Gopi to RK, no run"
22943981,2,Weekend Warriors (WW),4.4,Gopi,RK,0,,0,0,0,1,"Gopi to RK, no run"
22943981,2,Weekend Warriors (WW),4.3,Gopi,RK,0,,0,0,0,1,"Gopi to RK, no run"
22943981,2,Weekend Warriors (WW),4.2,Gopi,RK,0,,0,0,0,1,"Gopi to RK, no run"
22943981,2,Weekend Warriors (WW),4.1,Gopi,RK,6,,0,0,1,0,"Gopi to RK, SIX"
22943981,2,Weekend Warriors (WW),4.0,Murali Cn Cricket,Srikanta Maddara,0,,0,0,0,1,"Murali Cn Cricket to Srikanta Maddara, no run"
22943981,2,Weekend Warriors (WW),3.5,Murali Cn Cricket,RK,1,,0,0,0,0,"Murali Cn Cricket to RK, 1 run"
22943981,2,Weekend Warriors (WW),3.5,Murali Cn Cricket,RK,0,WD,0,0,0,0,"Murali Cn Cricket to RK, wide"
22943981,2,Weekend Warriors (WW),3.4,Murali Cn Cricket,RK,0,,0,0,0,1,"Murali Cn Cricket to RK, no run"
22943981,2,Weekend Warriors (WW),3.3,Murali Cn Cricket,RK,0,,0,0,0,1,"Murali Cn Cricket to RK, no run"
22943981,2,Weekend Warriors (WW),3.2,Murali Cn Cricket,RK,2,,0,0,0,0,"Murali Cn Cricket to RK, 2 runs"
22943981,2,Weekend Warriors (WW),3.1,Murali Cn Cricket,RK,2,,0,0,0,0,"Murali Cn Cricket to RK, 2 runs"
22943981,2,Weekend Warriors (WW),3.0,Jithin Tj,Srikanta Maddara,0,,0,0,0,1,"Jithin Tj to Srikanta Maddara, no run"
22943981,2,Weekend Warriors (WW),2.5,Jithin Tj,Srikanta Maddara,0,,0,0,0,1,"Jithin Tj to Srikanta Maddara, no run"
22943981,2,Weekend Warriors (WW),2.4,Jithin Tj,Mahesh Reddy,0,,0,1,0,1,"Jithin Tj to Mahesh Reddy, OUT Caught out, Caught by Srinivas Vemulapalli"
22943981,2,Weekend Warriors (WW),2.3,Jithin Tj,Mahesh Reddy,0,,0,0,0,1,"Jithin Tj to Mahesh Reddy, no run"
22943981,2,Weekend Warriors (WW),2.2,Jithin Tj,Mahesh Reddy,0,,0,0,0,1,"Jithin Tj to Mahesh Reddy, no run"
22943981,2,Weekend Warriors (WW),2.1,Jithin Tj,Mahesh Reddy,0,,0,0,0,1,"Jithin Tj to Mahesh Reddy, no run"
22943981,2,Weekend Warriors (WW),2.0,Srinivas Vemulapalli,RK,0,,0,0,0,1,"Srinivas Vemulapalli to RK, no run"
22943981,2,Weekend Warriors (WW),1.5,Srinivas Vemulapalli,RK,0,,0,0,0,1,"Srinivas Vemulapalli to RK, no run"
22943981,2,Weekend Warriors (WW),1.4,Srinivas Vemulapalli,RK,0,,0,0,0,1,"Srinivas Vemulapalli to RK, no run"
22943981,2,Weekend Warriors (WW),1.3,Srinivas Vemulapalli,RK,0,,0,0,0,1,"Srinivas Vemulapalli to RK, no run"
22943981,2,Weekend Warriors (WW),1.2,Srinivas Vemulapalli,RK,0,,0,0,0,1,"Srinivas Vemulapalli to RK, no run"
22943981,2,Weekend Warriors (WW),1.1,Srinivas Vemulapalli,Mahesh Reddy,1,,0,0,0,0,"Srinivas Vemulapalli to Mahesh Reddy, 1 run"
22943981,2,Weekend Warriors (WW),1.0,Gopi,RK,6,,0,0,1,0,"Gopi to RK, SIX"
22943981,2,Weekend Warriors (WW),0.5,Gopi,RK,0,,0,0,0,1,"Gopi to RK, no run"
22943981,2,Weekend Warriors (WW),0.4,Gopi,RK,0,,0,0,0,1,"Gopi to RK, no run"
22943981,2,Weekend Warriors (WW),0.3,Gopi,RK,0,,0,0,0,1,"Gopi to RK, no run"
22943981,2,Weekend Warriors (WW),0.2,Gopi,RK,0,,0,0,0,1,"Gopi to RK, no run"
22943981,2,Weekend Warriors (WW),0.1,Gopi,Firoz,0,,0,1,0,1,"Gopi to Firoz, OUT Caught out, Caught by Mithun"
22786419,1,Royal Cricket Blasters (RCB),8.0,Lokesh kumar YC,Leel,0,,0,1,0,1,"Lokesh kumar YC to Leel, OUT Run out, Throw by Lokesh kumar YC"
22786419,1,Royal Cricket Blasters (RCB),7.5,Lokesh kumar YC,Mahesh,1,,0,0,0,0,"Lokesh kumar YC to Mahesh, 1 run"
22786419,1,Royal Cricket Blasters (RCB),7.4,Lokesh kumar YC,Mahesh,0,,0,0,0,1,"Lokesh kumar YC to Mahesh, no run"
22786419,1,Royal Cricket Blasters (RCB),7.3,Lokesh kumar YC,Jithin Tj,0,,0,1,0,1,"Lokesh kumar YC to Jithin Tj, OUT Run out, Throw by GIRISH G"
22786419,1,Royal Cricket Blasters (RCB),7.2,Lokesh kumar YC,Mahesh,1,,0,0,0,0,"Lokesh kumar YC to Mahesh, 1 run"
22786419,1,Royal Cricket Blasters (RCB),7.1,Lokesh kumar YC,Mahesh,0,,0,0,0,1,"Lokesh kumar YC to Mahesh, no run"
22786419,1,Royal Cricket Blasters (RCB),7.0,Srikanta Maddara,Jithin Tj,0,,0,0,0,1,"Srikanta Maddara to Jithin Tj, no run"
22786419,1,Royal Cricket Blasters (RCB),7.0,Srikanta Maddara,Jithin Tj,0,NB,0,0,0,0,"Srikanta Maddara to Jithin Tj, (no ball)"
22786419,1,Royal Cricket Blasters (RCB),6.5,Srikanta Maddara,Vinay KS,0,,0,1,0,1,"Srikanta Maddara to Vinay KS, OUT Run out, Throw by Venkat A"
22786419,1,Royal Cricket Blasters (RCB),6.4,Srikanta Maddara,Vinay KS,0,,0,0,0,1,"Srikanta Maddara to Vinay KS, no run"
22786419,1,Royal Cricket Blasters (RCB),6.3,Srikanta Maddara,Vinay KS,0,,0,0,0,1,"Srikanta Maddara to Vinay KS, no run"
22786419,1,Royal Cricket Blasters (RCB),6.2,Srikanta Maddara,Vinay KS,0,,0,0,0,1,"Srikanta Maddara to Vinay KS, no run"
22786419,1,Royal Cricket Blasters (RCB),6.1,Srikanta Maddara,Vinay KS,6,,0,0,1,0,"Srikanta Maddara to Vinay KS, SIX"
22786419,1,Royal Cricket Blasters (RCB),6.0,Venkat A,Jithin Tj,0,,0,0,0,1,"Venkat A to Jithin Tj, no run"
22786419,1,Royal Cricket Blasters (RCB),5.5,Venkat A,Jithin Tj,6,,0,0,1,0,"Venkat A to Jithin Tj, SIX"
22786419,1,Royal Cricket Blasters (RCB),5.5,Venkat A,Jithin Tj,0,WD,0,0,0,0,"Venkat A to Jithin Tj, wide"
22786419,1,Royal Cricket Blasters (RCB),5.4,Venkat A,Pavan,0,,0,1,0,1,"Venkat A to Pavan, OUT Caught out, Caught by Pabitra"
22786419,1,Royal Cricket Blasters (RCB),5.4,Venkat A,Pavan,0,WD,0,0,0,0,"Venkat A to Pavan, wide"
22786419,1,Royal Cricket Blasters (RCB),5.3,Venkat A,Pavan,0,,0,0,0,1,"Venkat A to Pavan, no run"
22786419,1,Royal Cricket Blasters (RCB),5.3,Venkat A,Pavan,0,WD,0,0,0,0,"Venkat A to Pavan, wide"
22786419,1,Royal Cricket Blasters (RCB),5.2,Venkat A,Pavan,6,,0,0,1,0,"Venkat A to Pavan, SIX"
22786419,1,Royal Cricket Blasters (RCB),5.1,Venkat A,Pavan,2,,0,0,0,0,"Venkat A to Pavan, 2 runs"
22786419,1,Royal Cricket Blasters (RCB),5.1,Venkat A,Pavan,0,WD,0,0,0,0,"Venkat A to Pavan, wide"
22786419,1,Royal Cricket Blasters (RCB),5.0,Lokesh kumar YC,Vinay KS,0,,0,1,0,1,"Lokesh kumar YC to Vinay KS, OUT Run out, Throw by Lokesh kumar YC"
22786419,1,Royal Cricket Blasters (RCB),5.0,Lokesh kumar YC,Vinay KS,0,NB,0,0,0,0,"Lokesh kumar YC to Vinay KS, (no ball)"
22786419,1,Royal Cricket Blasters (RCB),4.5,Lokesh kumar YC,Murali Cn Cricket,1,,0,0,0,0,"Lokesh kumar YC to Murali Cn Cricket, 1 run"
22786419,1,Royal Cricket Blasters (RCB),4.4,Lokesh kumar YC,Murali Cn Cricket,0,,0,0,0,1,"Lokesh kumar YC to Murali Cn Cricket, no run"
22786419,1,Royal Cricket Blasters (RCB),4.3,Lokesh kumar YC,Murali Cn Cricket,0,,0,0,0,1,"Lokesh kumar YC to Murali Cn Cricket, no run"
22786419,1,Royal Cricket Blasters (RCB),4.2,Lokesh kumar YC,Vinay KS,1,,0,0,0,0,"Lokesh kumar YC to Vinay KS, 1 run"
22786419,1,Royal Cricket Blasters (RCB),4.1,Lokesh kumar YC,Murali Cn Cricket,1,,0,0,0,0,"Lokesh kumar YC to Murali Cn Cricket, 1 run"
22786419,1,Royal Cricket Blasters (RCB),4.1,Lokesh kumar YC,Murali Cn Cricket,0,WD,0,0,0,0,"Lokesh kumar YC to Murali Cn Cricket, wide"
22786419,1,Royal Cricket Blasters (RCB),4.0,Sudheer Nidiginti,Srinivas Vemulapalli,0,,0,1,0,1,"Sudheer Nidiginti to Srinivas Vemulapalli, OUT Run out, Throw by Subbu"
22786419,1,Royal Cricket Blasters (RCB),3.5,Sudheer Nidiginti,Srinivas Vemulapalli,0,,0,0,0,1,"Sudheer Nidiginti to Srinivas Vemulapalli, no run"
22786419,1,Royal Cricket Blasters (RCB),3.4,Sudheer Nidiginti,Srinivas Vemulapalli,0,,0,0,0,1,"Sudheer Nidiginti to Srinivas Vemulapalli, no run"
22786419,1,Royal Cricket Blasters (RCB),3.3,Sudheer Nidiginti,Arun,0,,0,1,0,1,"Sudheer Nidiginti to Arun, OUT Caught out, Caught by Mahesh Reddy"
22786419,1,Royal Cricket Blasters (RCB),3.2,Sudheer Nidiginti,Arun,0,,0,0,0,1,"Sudheer Nidiginti to Arun, no run"
22786419,1,Royal Cricket Blasters (RCB),3.1,Sudheer Nidiginti,Murali Cn Cricket,1,,0,0,0,0,"Sudheer Nidiginti to Murali Cn Cricket, 1 run"
22786419,1,Royal Cricket Blasters (RCB),3.0,Pabitra,Arun,0,,0,0,0,1,"Pabitra to Arun, no run"
22786419,1,Royal Cricket Blasters (RCB),2.5,Pabitra,Arun,0,,0,0,0,1,"Pabitra to Arun, no run"
22786419,1,Royal Cricket Blasters (RCB),2.4,Pabitra,Arun,6,,0,0,1,0,"Pabitra to Arun, SIX"
22786419,1,Royal Cricket Blasters (RCB),2.3,Pabitra,Arun,0,,0,0,0,1,"Pabitra to Arun, no run"
22786419,1,Royal Cricket Blasters (RCB),2.2,Pabitra,Arun,0,,0,0,0,1,"Pabitra to Arun, no run"
22786419,1,Royal Cricket Blasters (RCB),2.2,Pabitra,Arun,0,WD,0,0,0,0,"Pabitra to Arun, wide"
22786419,1,Royal Cricket Blasters (RCB),2.1,Pabitra,Arun,0,,0,0,0,1,"Pabitra to Arun, no run"
22786419,1,Royal Cricket Blasters (RCB),2.0,Sudheer Nidiginti,Murali Cn Cricket,0,,0,0,0,1,"Sudheer Nidiginti to Murali Cn Cricket, no run"
22786419,1,Royal Cricket Blasters (RCB),1.5,Sudheer Nidiginti,Arun,1,,0,0,0,0,"Sudheer Nidiginti to Arun, 1 run"
22786419,1,Royal Cricket Blasters (RCB),1.5,Sudheer Nidiginti,Arun,0,WD,0,0,0,0,"Sudheer Nidiginti to Arun, wide"
22786419,1,Royal Cricket Blasters (RCB),1.4,Sudheer Nidiginti,Arun,0,,0,0,0,1,"Sudheer Nidiginti to Arun, no run"
22786419,1,Royal Cricket Blasters (RCB),1.3,Sudheer Nidiginti,Arun,0,,0,0,0,1,"Sudheer Nidiginti to Arun, no run"
22786419,1,Royal Cricket Blasters (RCB),1.2,Sudheer Nidiginti,Arun,0,,0,0,0,1,"Sudheer Nidiginti to Arun, no run"
22786419,1,Royal Cricket Blasters (RCB),1.1,Sudheer Nidiginti,Arun,0,,0,0,0,1,"Sudheer Nidiginti to Arun, no run"
22786419,1,Royal Cricket Blasters (RCB),1.0,Pabitra,Murali Cn Cricket,2,,0,0,0,0,"Pabitra to Murali Cn Cricket, 2 runs"
22786419,1,Royal Cricket Blasters (RCB),0.5,Pabitra,Murali Cn Cricket,0,,0,0,0,1,"Pabitra to Murali Cn Cricket, no run"
22786419,1,Royal Cricket Blasters (RCB),0.5,Pabitra,Murali Cn Cricket,0,WD,0,0,0,0,"Pabitra to Murali Cn Cricket, wide"
22786419,1,Royal Cricket Blasters (RCB),0.4,Pabitra,Murali Cn Cricket,0,,0,0,0,1,"Pabitra to Murali Cn Cricket, no run"
22786419,1,Royal Cricket Blasters (RCB),0.3,Pabitra,Murali Cn Cricket,0,,0,0,0,1,"Pabitra to Murali Cn Cricket, no run"
22786419,1,Royal Cricket Blasters (RCB),0.2,Pabitra,Deepak Kumar,0,,0,1,0,1,"Pabitra to Deepak Kumar, OUT Stumped"
22786419,1,Royal Cricket Blasters (RCB),0.1,Pabitra,Vijay 208,0,,0,1,0,1,"Pabitra to Vijay 208, OUT Caught out, Caught by Mahesh Reddy"
22786419,2,Weekend Warriors (WW),9.4,Pavan,Lokesh kumar YC,6,,0,0,1,0,"Pavan to Lokesh kumar YC, SIX"
22786419,2,Weekend Warriors (WW),9.3,Pavan,Sudheer Nidiginti,1,,0,0,0,0,"Pavan to Sudheer Nidiginti, 1 run"
22786419,2,Weekend Warriors (WW),9.2,Pavan,Lokesh kumar YC,1,,0,0,0,0,"Pavan to Lokesh kumar YC, 1 run"
22786419,2,Weekend Warriors (WW),9.2,Pavan,Lokesh kumar YC,0,WD,0,0,0,0,"Pavan to Lokesh kumar YC, wide"
22786419,2,Weekend Warriors (WW),9.1,Pavan,Lokesh kumar YC,2,,0,0,0,0,"Pavan to Lokesh kumar YC, 2 runs"
22786419,2,Weekend Warriors (WW),9.0,Arun,Lokesh kumar YC,1,,0,0,0,0,"Arun to Lokesh kumar YC, 1 run"
22786419,2,Weekend Warriors (WW),8.5,Arun,Sudheer Nidiginti,1,,0,0,0,0,"Arun to Sudheer Nidiginti, 1 run"
22786419,2,Weekend Warriors (WW),8.5,Arun,Sudheer Nidiginti,0,WD,0,0,0,0,"Arun to Sudheer Nidiginti, wide"
22786419,2,Weekend Warriors (WW),8.4,Arun,Sudheer Nidiginti,0,,0,0,0,1,"Arun to Sudheer Nidiginti, no run"
22786419,2,Weekend Warriors (WW),8.3,Arun,Subbu,0,,0,1,0,1,"Arun to Subbu, OUT Run out, Throw by Jithin Tj"
22786419,2,Weekend Warriors (WW),8.2,Arun,Sudheer Nidiginti,1,,0,0,0,0,"Arun to Sudheer Nidiginti, 1 run"
22786419,2,Weekend Warriors (WW),8.1,Arun,Sudheer Nidiginti,2,,0,0,0,0,"Arun to Sudheer Nidiginti, 2 runs"
22786419,2,Weekend Warriors (WW),8.0,Pavan,Subbu,0,,0,0,0,1,"Pavan to Subbu, no run"
22786419,2,Weekend Warriors (WW),7.5,Pavan,Srikanta Maddara,0,,0,1,0,1,"Pavan to Srikanta Maddara, OUT Run out, Throw by Leel"
22786419,2,Weekend Warriors (WW),7.5,Pavan,Srikanta Maddara,0,WD,0,0,0,0,"Pavan to Srikanta Maddara, wide"
22786419,2,Weekend Warriors (WW),7.4,Pavan,Srikanta Maddara,0,,0,0,0,1,"Pavan to Srikanta Maddara, no run"
22786419,2,Weekend Warriors (WW),7.3,Pavan,Srikanta Maddara,0,,0,0,0,1,"Pavan to Srikanta Maddara, no run"
22786419,2,Weekend Warriors (WW),7.2,Pavan,Srikanta Maddara,0,,0,0,0,1,"Pavan to Srikanta Maddara, no run"
22786419,2,Weekend Warriors (WW),7.2,Pavan,Srikanta Maddara,0,WD,0,0,0,0,"Pavan to Srikanta Maddara, wide"
22786419,2,Weekend Warriors (WW),7.1,Pavan,Srikanta Maddara,2,,0,0,0,0,"Pavan to Srikanta Maddara, 2 runs"
22786419,2,Weekend Warriors (WW),7.0,Srinivas Vemulapalli,Srikanta Maddara,1,,0,0,0,0,"Srinivas Vemulapalli to Srikanta Maddara, 1 run"
22786419,2,Weekend Warriors (WW),6.5,Srinivas Vemulapalli,Srikanta Maddara,0,,0,0,0,1,"Srinivas Vemulapalli to Srikanta Maddara, no run"
22786419,2,Weekend Warriors (WW),6.4,Srinivas Vemulapalli,Srikanta Maddara,0,,0,0,0,1,"Srinivas Vemulapalli to Srikanta Maddara, no run"
22786419,2,Weekend Warriors (WW),6.3,Srinivas Vemulapalli,Srikanta Maddara,0,,0,0,0,1,"Srinivas Vemulapalli to Srikanta Maddara, no run"
22786419,2,Weekend Warriors (WW),6.2,Srinivas Vemulapalli,Venkat A,0,,0,1,0,1,"Srinivas Vemulapalli to Venkat A, OUT Caught out, Caught by Pavan"
22786419,2,Weekend Warriors (WW),6.1,Srinivas Vemulapalli,Mahesh Reddy,0,,0,1,0,1,"Srinivas Vemulapalli to Mahesh Reddy, OUT Caught out, Caught by Pavan"
22786419,2,Weekend Warriors (WW),6.0,Leel,Subbu,0,,0,0,0,1,"Leel to Subbu, no run"
22786419,2,Weekend Warriors (WW),5.5,Leel,Subbu,0,,0,0,0,1,"Leel to Subbu, no run"
22786419,2,Weekend Warriors (WW),5.4,Leel,Subbu,2,,0,0,0,0,"Leel to Subbu, 2 runs"
22786419,2,Weekend Warriors (WW),5.4,Leel,Subbu,0,WD,0,0,0,0,"Leel to Subbu, wide"
22786419,2,Weekend Warriors (WW),5.3,Leel,Subbu,0,,0,0,0,1,"Leel to Subbu, no run"
22786419,2,Weekend Warriors (WW),5.3,Leel,Subbu,0,WD,0,0,0,0,"Leel to Subbu, wide"
22786419,2,Weekend Warriors (WW),5.2,Leel,Subbu,0,,0,0,0,1,"Leel to Subbu, no run"
22786419,2,Weekend Warriors (WW),5.1,Leel,Subbu,0,,0,0,0,1,"Leel to Subbu, no run"
22786419,2,Weekend Warriors (WW),5.0,Arun,Subbu,1,,0,0,0,0,"Arun to Subbu, 1 run"
22786419,2,Weekend Warriors (WW),4.5,Arun,Mahesh Reddy,1,,0,0,0,0,"Arun to Mahesh Reddy, 1 run"
22786419,2,Weekend Warriors (WW),4.4,Arun,Mahesh Reddy,0,,0,0,0,1,"Arun to Mahesh Reddy, no run"
22786419,2,Weekend Warriors (WW),4.3,Arun,Subbu,1,,0,0,0,0,"Arun to Subbu, 1 run"
22786419,2,Weekend Warriors (WW),4.2,Arun,Mahesh Reddy,1,,0,0,0,0,"Arun to Mahesh Reddy, 1 run"
22786419,2,Weekend Warriors (WW),4.1,Arun,Mahesh Reddy,0,,0,0,0,1,"Arun to Mahesh Reddy, no run"
22786419,2,Weekend Warriors (WW),4.1,Arun,Mahesh Reddy,0,WD,0,0,0,0,"Arun to Mahesh Reddy, wide"
22786419,2,Weekend Warriors (WW),4.0,Jithin Tj,RK,0,,0,1,0,1,"Jithin Tj to RK, OUT Bowled"
22786419,2,Weekend Warriors (WW),3.5,Jithin Tj,Mahesh Reddy,1,,0,0,0,0,"Jithin Tj to Mahesh Reddy, 1 run"
22786419,2,Weekend Warriors (WW),3.5,Jithin Tj,Mahesh Reddy,0,WD,0,0,0,0,"Jithin Tj to Mahesh Reddy, wide"
22786419,2,Weekend Warriors (WW),3.4,Jithin Tj,RK,1,,0,0,0,0,"Jithin Tj to RK, 1 run"
22786419,2,Weekend Warriors (WW),3.3,Jithin Tj,RK,0,,0,0,0,1,"Jithin Tj to RK, no run"
22786419,2,Weekend Warriors (WW),3.3,Jithin Tj,RK,0,WD,0,0,0,0,"Jithin Tj to RK, wide"
22786419,2,Weekend Warriors (WW),3.2,Jithin Tj,Mahesh Reddy,1,,0,0,0,0,"Jithin Tj to Mahesh Reddy, 1 run"
22786419,2,Weekend Warriors (WW),3.1,Jithin Tj,Mahesh Reddy,2,,0,0,0,0,"Jithin Tj to Mahesh Reddy, 2 runs"
22786419,2,Weekend Warriors (WW),3.0,Mahesh,Mahesh Reddy,1,,0,0,0,0,"Mahesh to Mahesh Reddy, 1 run"
22786419,2,Weekend Warriors (WW),2.5,Mahesh,Mahesh Reddy,0,,0,0,0,1,"Mahesh to Mahesh Reddy, no run"
22786419,2,Weekend Warriors (WW),2.4,Mahesh,Mahesh Reddy,0,,0,0,0,1,"Mahesh to Mahesh Reddy, no run"
22786419,2,Weekend Warriors (WW),2.3,Mahesh,RK,1,,0,0,0,0,"Mahesh to RK, 1 run"
22786419,2,Weekend Warriors (WW),2.2,Mahesh,Firoz,0,,0,1,0,1,"Mahesh to Firoz, OUT Caught out, Caught by Pavan"
22786419,2,Weekend Warriors (WW),2.1,Mahesh,Mahesh Reddy,1,,0,0,0,0,"Mahesh to Mahesh Reddy, 1 run"
22786419,2,Weekend Warriors (WW),2.1,Mahesh,Mahesh Reddy,0,WD,0,0,0,0,"Mahesh to Mahesh Reddy, wide"
22786419,2,Weekend Warriors (WW),2.0,Srinivas Vemulapalli,Firoz,0,,0,0,0,1,"Srinivas Vemulapalli to Firoz, no run"
22786419,2,Weekend Warriors (WW),1.5,Srinivas Vemulapalli,Mahesh Reddy,1,,0,0,0,0,"Srinivas Vemulapalli to Mahesh Reddy, 1 run"
22786419,2,Weekend Warriors (WW),1.4,Srinivas Vemulapalli,Firoz,1,,0,0,0,0,"Srinivas Vemulapalli to Firoz, 1 run"
22786419,2,Weekend Warriors (WW),1.3,Srinivas Vemulapalli,Mahesh Reddy,1,,0,0,0,0,"Srinivas Vemulapalli to Mahesh Reddy, 1 run"
22786419,2,Weekend Warriors (WW),1.2,Srinivas Vemulapalli,Mahesh Reddy,0,,0,0,0,1,"Srinivas Vemulapalli to Mahesh Reddy, no run"
22786419,2,Weekend Warriors (WW),1.1,Srinivas Vemulapalli,Firoz,1,,0,0,0,0,"Srinivas Vemulapalli to Firoz, 1 run"
22786419,2,Weekend Warriors (WW),1.0,Mahesh,GIRISH G,0,,0,1,0,1,"Mahesh to GIRISH G, OUT Caught out, Caught by Pavan"
22786419,2,Weekend Warriors (WW),0.5,Mahesh,GIRISH G,0,,0,0,0,1,"Mahesh to GIRISH G, no run"
22786419,2,Weekend Warriors (WW),0.4,Mahesh,GIRISH G,0,,0,0,0,1,"Mahesh to GIRISH G, no run"
22786419,2,Weekend Warriors (WW),0.3,Mahesh,Firoz,1,,0,0,0,0,"Mahesh to Firoz, 1 run"
22786419,2,Weekend Warriors (WW),0.2,Mahesh,Firoz,0,,0,0,0,1,"Mahesh to Firoz, no run"
22786419,2,Weekend Warriors (WW),0.1,Mahesh,GIRISH G,1,,0,0,0,0,"Mahesh to GIRISH G, 1 run"
22632662,1,Royal Cricket Blasters (RCB),10.0,Srikanta Maddara,Vishwanath Cricket,2,,0,0,0,0,"Srikanta Maddara to Vishwanath Cricket, 2 runs"
22632662,1,Royal Cricket Blasters (RCB),10.0,Srikanta Maddara,Vishwanath Cricket,0,WD,0,0,0,0,"Srikanta Maddara to Vishwanath Cricket, wide"
22632662,1,Royal Cricket Blasters (RCB),9.5,Srikanta Maddara,Murali Cn Cricket,0,,0,1,0,1,"Srikanta Maddara to Murali Cn Cricket, OUT Run out, Throw by Mahesh Reddy"
22632662,1,Royal Cricket Blasters (RCB),9.4,Srikanta Maddara,Vishwanath Cricket,1,,0,0,0,0,"Srikanta Maddara to Vishwanath Cricket, 1 run"
22632662,1,Royal Cricket Blasters (RCB),9.3,Srikanta Maddara,Vishwanath Cricket,0,,0,0,0,1,"Srikanta Maddara to Vishwanath Cricket, no run"
22632662,1,Royal Cricket Blasters (RCB),9.2,Srikanta Maddara,Murali Cn Cricket,1,,0,0,0,0,"Srikanta Maddara to Murali Cn Cricket, 1 run"
22632662,1,Royal Cricket Blasters (RCB),9.1,Srikanta Maddara,Murali Cn Cricket,6,,0,0,1,0,"Srikanta Maddara to Murali Cn Cricket, SIX"
22632662,1,Royal Cricket Blasters (RCB),9.0,Vinod Reddy,Murali Cn Cricket,1,,0,0,0,0,"Vinod Reddy to Murali Cn Cricket, 1 run"
22632662,1,Royal Cricket Blasters (RCB),8.5,Vinod Reddy,Vishwanath Cricket,1,,0,0,0,0,"Vinod Reddy to Vishwanath Cricket, 1 run"
22632662,1,Royal Cricket Blasters (RCB),8.4,Vinod Reddy,Murali Cn Cricket,1,,0,0,0,0,"Vinod Reddy to Murali Cn Cricket, 1 run"
22632662,1,Royal Cricket Blasters (RCB),8.3,Vinod Reddy,Murali Cn Cricket,0,,0,0,0,1,"Vinod Reddy to Murali Cn Cricket, no run"
22632662,1,Royal Cricket Blasters (RCB),8.2,Vinod Reddy,shaik azeed,0,,0,1,0,1,"Vinod Reddy to shaik azeed, OUT Caught out, Caught by Mahesh Reddy"
22632662,1,Royal Cricket Blasters (RCB),8.1,Vinod Reddy,shaik azeed,0,,0,0,0,1,"Vinod Reddy to shaik azeed, no run"
22632662,1,Royal Cricket Blasters (RCB),8.1,Vinod Reddy,shaik azeed,0,WD,0,0,0,0,"Vinod Reddy to shaik azeed, wide"
22632662,1,Royal Cricket Blasters (RCB),8.0,Lokesh kumar YC,Vishwanath Cricket,0,,0,0,0,1,"Lokesh kumar YC to Vishwanath Cricket, no run"
22632662,1,Royal Cricket Blasters (RCB),8.0,Lokesh kumar YC,Vishwanath Cricket,0,WD,0,0,0,0,"Lokesh kumar YC to Vishwanath Cricket, wide"
22632662,1,Royal Cricket Blasters (RCB),7.5,Lokesh kumar YC,Vishwanath Cricket,0,,0,0,0,1,"Lokesh kumar YC to Vishwanath Cricket, no run"
22632662,1,Royal Cricket Blasters (RCB),7.4,Lokesh kumar YC,Vishwanath Cricket,2,,0,0,0,0,"Lokesh kumar YC to Vishwanath Cricket, 2 runs"
22632662,1,Royal Cricket Blasters (RCB),7.3,Lokesh kumar YC,Vishwanath Cricket,0,,0,0,0,1,"Lokesh kumar YC to Vishwanath Cricket, no run"
22632662,1,Royal Cricket Blasters (RCB),7.2,Lokesh kumar YC,Vishwanath Cricket,0,,0,0,0,1,"Lokesh kumar YC to Vishwanath Cricket, no run"
22632662,1,Royal Cricket Blasters (RCB),7.1,Lokesh kumar YC,Vishwanath Cricket,0,,0,0,0,1,"Lokesh kumar YC to Vishwanath Cricket, no run"
22632662,1,Royal Cricket Blasters (RCB),7.0,Venkat A,Vishwanath Cricket,1,,0,0,0,0,"Venkat A to Vishwanath Cricket, 1 run"
22632662,1,Royal Cricket Blasters (RCB),6.5,Venkat A,shaik azeed,1,,0,0,0,0,"Venkat A to shaik azeed, 1 run"
22632662,1,Royal Cricket Blasters (RCB),6.4,Venkat A,Vishwanath Cricket,0,,0,1,0,1,"Venkat A to Vishwanath Cricket, OUT Run out, Throw by Venkat A"
22632662,1,Royal Cricket Blasters (RCB),6.3,Venkat A,Arun,1,,0,0,0,0,"Venkat A to Arun, 1 run"
22632662,1,Royal Cricket Blasters (RCB),6.2,Venkat A,Vishwanath Cricket,1,,0,0,0,0,"Venkat A to Vishwanath Cricket, 1 run"
22632662,1,Royal Cricket Blasters (RCB),6.1,Venkat A,Vishwanath Cricket,2,,0,0,0,0,"Venkat A to Vishwanath Cricket, 2 runs"
22632662,1,Royal Cricket Blasters (RCB),6.0,Srikanta Maddara,Vishwanath Cricket,1,,0,0,0,0,"Srikanta Maddara to Vishwanath Cricket, 1 run"
22632662,1,Royal Cricket Blasters (RCB),5.5,Srikanta Maddara,Vishwanath Cricket,4,,0,0,1,0,"Srikanta Maddara to Vishwanath Cricket, FOUR"
22632662,1,Royal Cricket Blasters (RCB),5.4,Srikanta Maddara,Vishwanath Cricket,0,,0,0,0,1,"Srikanta Maddara to Vishwanath Cricket, no run"
22632662,1,Royal Cricket Blasters (RCB),5.3,Srikanta Maddara,Vishwanath Cricket,2,,0,0,0,0,"Srikanta Maddara to Vishwanath Cricket, 2 runs"
22632662,1,Royal Cricket Blasters (RCB),5.2,Srikanta Maddara,Vishwanath Cricket,2,,0,0,0,0,"Srikanta Maddara to Vishwanath Cricket, 2 runs"
22632662,1,Royal Cricket Blasters (RCB),5.1,Srikanta Maddara,Gopi,0,,0,1,0,1,"Srikanta Maddara to Gopi, OUT Caught out, Caught by Venkat A"
22632662,1,Royal Cricket Blasters (RCB),5.1,Srikanta Maddara,Gopi,0,,0,1,0,1,"Srikanta Maddara to Gopi, no run, RETIRED HURT"
22632662,1,Royal Cricket Blasters (RCB),5.0,Lokesh kumar YC,Arun 102.raaga,0,,0,0,0,1,"Lokesh kumar YC to Arun 102.raaga, no run"
22632662,1,Royal Cricket Blasters (RCB),4.5,Lokesh kumar YC,Arun 102.raaga,0,,0,0,0,1,"Lokesh kumar YC to Arun 102.raaga, no run"
22632662,1,Royal Cricket Blasters (RCB),4.4,Lokesh kumar YC,Arun 102.raaga,0,,0,0,0,1,"Lokesh kumar YC to Arun 102.raaga, no run"
22632662,1,Royal Cricket Blasters (RCB),4.3,Lokesh kumar YC,Arun 102.raaga,0,,0,0,0,1,"Lokesh kumar YC to Arun 102.raaga, no run"
22632662,1,Royal Cricket Blasters (RCB),4.2,Lokesh kumar YC,Arun 102.raaga,0,,0,0,0,1,"Lokesh kumar YC to Arun 102.raaga, no run"
22632662,1,Royal Cricket Blasters (RCB),4.1,Lokesh kumar YC,Arun 102.raaga,0,,0,0,0,1,"Lokesh kumar YC to Arun 102.raaga, no run"
22632662,1,Royal Cricket Blasters (RCB),4.0,Sudhir Midtown,Gopi,0,,0,0,0,1,"Sudhir Midtown to Gopi, no run"
22632662,1,Royal Cricket Blasters (RCB),3.5,Sudhir Midtown,Gopi,0,,0,0,0,1,"Sudhir Midtown to Gopi, no run"
22632662,1,Royal Cricket Blasters (RCB),3.5,Sudhir Midtown,Gopi,0,NB,0,0,0,0,"Sudhir Midtown to Gopi, (no ball)"
22632662,1,Royal Cricket Blasters (RCB),3.5,Sudhir Midtown,Gopi,0,WD,0,0,0,0,"Sudhir Midtown to Gopi, wide"
22632662,1,Royal Cricket Blasters (RCB),3.4,Sudhir Midtown,Gopi,0,,0,0,0,1,"Sudhir Midtown to Gopi, no run"
22632662,1,Royal Cricket Blasters (RCB),3.3,Sudhir Midtown,Gopi,0,,0,0,0,1,"Sudhir Midtown to Gopi, no run"
22632662,1,Royal Cricket Blasters (RCB),3.2,Sudhir Midtown,Gopi,0,,0,0,0,1,"Sudhir Midtown to Gopi, no run"
22632662,1,Royal Cricket Blasters (RCB),3.1,Sudhir Midtown,Gopi,0,,0,0,0,1,"Sudhir Midtown to Gopi, no run"
22632662,1,Royal Cricket Blasters (RCB),3.1,Sudhir Midtown,Gopi,0,NB,0,0,0,0,"Sudhir Midtown to Gopi, (no ball)"
22632662,1,Royal Cricket Blasters (RCB),3.0,Pabitra,Arun 102.raaga,0,,0,0,0,1,"Pabitra to Arun 102.raaga, no run"
22632662,1,Royal Cricket Blasters (RCB),2.5,Pabitra,Gopi,1,,0,0,0,0,"Pabitra to Gopi, 1 run"
22632662,1,Royal Cricket Blasters (RCB),2.4,Pabitra,Gopi,0,,0,0,0,1,"Pabitra to Gopi, no run"
22632662,1,Royal Cricket Blasters (RCB),2.3,Pabitra,Gopi,0,,0,0,0,1,"Pabitra to Gopi, no run"
22632662,1,Royal Cricket Blasters (RCB),2.2,Pabitra,Manjunath H,0,,0,1,0,1,"Pabitra to Manjunath H, OUT Run out, Throw by Venkat A"
22632662,1,Royal Cricket Blasters (RCB),2.2,Pabitra,Manjunath H,0,NB,0,0,0,0,"Pabitra to Manjunath H, (no ball)"
22632662,1,Royal Cricket Blasters (RCB),2.1,Pabitra,Manjunath H,0,,0,0,0,1,"Pabitra to Manjunath H, no run"
22632662,1,Royal Cricket Blasters (RCB),2.0,Sudhir Midtown,Gopi,0,,0,0,0,1,"Sudhir Midtown to Gopi, no run"
22632662,1,Royal Cricket Blasters (RCB),2.0,Sudhir Midtown,Gopi,0,WD,0,0,0,0,"Sudhir Midtown to Gopi, wide"
22632662,1,Royal Cricket Blasters (RCB),1.5,Sudhir Midtown,Pavan,0,,0,1,0,1,"Sudhir Midtown to Pavan, OUT Caught out, Caught by Venkat A"
22632662,1,Royal Cricket Blasters (RCB),1.4,Sudhir Midtown,Pavan,0,,0,0,0,1,"Sudhir Midtown to Pavan, no run"
22632662,1,Royal Cricket Blasters (RCB),1.4,Sudhir Midtown,Pavan,0,WD,0,0,0,0,"Sudhir Midtown to Pavan, wide"
22632662,1,Royal Cricket Blasters (RCB),1.4,Sudhir Midtown,Pavan,0,WD,0,0,0,0,"Sudhir Midtown to Pavan, wide"
22632662,1,Royal Cricket Blasters (RCB),1.4,Sudhir Midtown,Pavan,0,WD,0,0,0,0,"Sudhir Midtown to Pavan, wide"
22632662,1,Royal Cricket Blasters (RCB),1.4,Sudhir Midtown,Pavan,0,NB,0,0,0,0,"Sudhir Midtown to Pavan, (no ball)"
22632662,1,Royal Cricket Blasters (RCB),1.4,Sudhir Midtown,Pavan,0,WD,0,0,0,0,"Sudhir Midtown to Pavan, wide"
22632662,1,Royal Cricket Blasters (RCB),1.3,Sudhir Midtown,Manjunath H,1,,0,0,0,0,"Sudhir Midtown to Manjunath H, 1 run"
22632662,1,Royal Cricket Blasters (RCB),1.2,Sudhir Midtown,Manjunath H,0,,0,0,0,1,"Sudhir Midtown to Manjunath H, no run"
22632662,1,Royal Cricket Blasters (RCB),1.1,Sudhir Midtown,Manjunath H,2,,0,0,0,0,"Sudhir Midtown to Manjunath H, 2 runs"
22632662,1,Royal Cricket Blasters (RCB),1.0,Pabitra,Pavan,0,,0,0,0,1,"Pabitra to Pavan, no run"
22632662,1,Royal Cricket Blasters (RCB),0.5,Pabitra,Pavan,0,,0,0,0,1,"Pabitra to Pavan, no run"
22632662,1,Royal Cricket Blasters (RCB),0.4,Pabitra,Pavan,2,,0,0,0,0,"Pabitra to Pavan, 2 runs"
22632662,1,Royal Cricket Blasters (RCB),0.3,Pabitra,Pavan,0,,0,0,0,1,"Pabitra to Pavan, no run"
22632662,1,Royal Cricket Blasters (RCB),0.2,Pabitra,Satyam Goyal,0,,0,1,0,1,"Pabitra to Satyam Goyal, OUT Caught out, Caught by Mahesh Reddy"
22632662,1,Royal Cricket Blasters (RCB),0.1,Pabitra,Manjunath H,1,,0,0,0,0,"Pabitra to Manjunath H, 1 run"
22632662,2,Weekend Warriors (WW),8.2,Vinay KS,Subbu,2,,0,0,0,0,"Vinay KS to Subbu, 2 runs"
22632662,2,Weekend Warriors (WW),8.1,Vinay KS,Subbu,2,,0,0,0,0,"Vinay KS to Subbu, 2 runs"
22632662,2,Weekend Warriors (WW),8.1,Vinay KS,Subbu,0,WD,0,0,0,0,"Vinay KS to Subbu, wide"
22632662,2,Weekend Warriors (WW),8.1,Vinay KS,Subbu,0,,0,1,0,1,"Vinay KS to Subbu, no run, RETIRED HURT"
22632662,2,Weekend Warriors (WW),8.0,Pavan,Subbu,1,,0,0,0,0,"Pavan to Subbu, 1 run"
22632662,2,Weekend Warriors (WW),7.5,Pavan,Subbu,0,,0,0,0,1,"Pavan to Subbu, no run"
22632662,2,Weekend Warriors (WW),7.4,Pavan,Vinod Reddy,1,,0,0,0,0,"Pavan to Vinod Reddy, 1 run"
22632662,2,Weekend Warriors (WW),7.4,Pavan,Vinod Reddy,0,WD,0,0,0,0,"Pavan to Vinod Reddy, wide"
22632662,2,Weekend Warriors (WW),7.3,Pavan,Vinod Reddy,4,,0,0,1,0,"Pavan to Vinod Reddy, FOUR"
22632662,2,Weekend Warriors (WW),7.2,Pavan,Vinod Reddy,0,,0,0,0,1,"Pavan to Vinod Reddy, no run"
22632662,2,Weekend Warriors (WW),7.1,Pavan,Vinod Reddy,0,,0,0,0,1,"Pavan to Vinod Reddy, no run"
22632662,2,Weekend Warriors (WW),7.0,Arun,Subbu,0,,0,0,0,1,"Arun to Subbu, no run"
22632662,2,Weekend Warriors (WW),6.5,Arun,seenu,0,,0,1,0,1,"Arun to seenu, OUT Caught out, Caught by Vinay KS"
22632662,2,Weekend Warriors (WW),6.4,Arun,Vinod Reddy,1,,0,0,0,0,"Arun to Vinod Reddy, 1 run"
22632662,2,Weekend Warriors (WW),6.4,Arun,Vinod Reddy,0,WD,0,0,0,0,"Arun to Vinod Reddy, wide"
22632662,2,Weekend Warriors (WW),6.4,Arun,Vinod Reddy,0,WD,0,0,0,0,"Arun to Vinod Reddy, wide"
22632662,2,Weekend Warriors (WW),6.4,Arun,Vinod Reddy,0,WD,0,0,0,0,"Arun to Vinod Reddy, wide"
22632662,2,Weekend Warriors (WW),6.3,Arun,Vinod Reddy,2,,0,0,0,0,"Arun to Vinod Reddy, 2 runs"
22632662,2,Weekend Warriors (WW),6.2,Arun,Vinod Reddy,0,,0,0,0,1,"Arun to Vinod Reddy, no run"
22632662,2,Weekend Warriors (WW),6.2,Arun,Vinod Reddy,0,WD,0,0,0,0,"Arun to Vinod Reddy, wide"
22632662,2,Weekend Warriors (WW),6.1,Arun,Vinod Reddy,6,,0,0,1,0,"Arun to Vinod Reddy, SIX"
22632662,2,Weekend Warriors (WW),6.1,Arun,Sudhir Midtown,0,,0,1,0,1,"Arun to Sudhir Midtown, no run, RETIRED HURT"
22632662,2,Weekend Warriors (WW),6.0,shaik azeed,seenu,6,,0,0,1,0,"shaik azeed to seenu, SIX"
22632662,2,Weekend Warriors (WW),5.5,shaik azeed,Sudhir Midtown,1,,0,0,0,0,"shaik azeed to Sudhir Midtown, 1 run"
22632662,2,Weekend Warriors (WW),5.4,shaik azeed,Sudhir Midtown,0,,0,0,0,1,"shaik azeed to Sudhir Midtown, no run"
22632662,2,Weekend Warriors (WW),5.3,shaik azeed,Sudhir Midtown,0,,0,0,0,1,"shaik azeed to Sudhir Midtown, no run"
22632662,2,Weekend Warriors (WW),5.3,shaik azeed,Sudhir Midtown,0,WD,0,0,0,0,"shaik azeed to Sudhir Midtown, wide"
22632662,2,Weekend Warriors (WW),5.2,shaik azeed,seenu,1,,0,0,0,0,"shaik azeed to seenu, 1 run"
22632662,2,Weekend Warriors (WW),5.1,shaik azeed,seenu,0,,0,0,0,1,"shaik azeed to seenu, no run"
22632662,2,Weekend Warriors (WW),5.1,shaik azeed,seenu,0,WD,0,0,0,0,"shaik azeed to seenu, wide"
22632662,2,Weekend Warriors (WW),5.1,shaik azeed,Mahesh Reddy,0,,0,1,0,1,"shaik azeed to Mahesh Reddy, no run, RETIRED HURT"
22632662,2,Weekend Warriors (WW),5.0,Pavan,Mahesh Reddy,1,,0,0,0,0,"Pavan to Mahesh Reddy, 1 run"
22632662,2,Weekend Warriors (WW),4.5,Pavan,Mahesh Reddy,0,,0,0,0,1,"Pavan to Mahesh Reddy, no run"
22632662,2,Weekend Warriors (WW),4.4,Pavan,Mahesh Reddy,0,,0,0,0,1,"Pavan to Mahesh Reddy, no run"
22632662,2,Weekend Warriors (WW),4.3,Pavan,Mahesh Reddy,0,,0,0,0,1,"Pavan to Mahesh Reddy, no run"
22632662,2,Weekend Warriors (WW),4.2,Pavan,Sudhir Midtown,1,,0,0,0,0,"Pavan to Sudhir Midtown, 1 run"
22632662,2,Weekend Warriors (WW),4.1,Pavan,Sudhir Midtown,0,,0,0,0,1,"Pavan to Sudhir Midtown, no run"
22632662,2,Weekend Warriors (WW),4.0,Srinivas Vemulapalli,Mahesh Reddy,0,,0,0,0,1,"Srinivas Vemulapalli to Mahesh Reddy, no run"
22632662,2,Weekend Warriors (WW),3.5,Srinivas Vemulapalli,Mahesh Reddy,0,,0,0,0,1,"Srinivas Vemulapalli to Mahesh Reddy, no run"
22632662,2,Weekend Warriors (WW),3.4,Srinivas Vemulapalli,Mahesh Reddy,0,,0,0,0,1,"Srinivas Vemulapalli to Mahesh Reddy, no run"
22632662,2,Weekend Warriors (WW),3.3,Srinivas Vemulapalli,Sudhir Midtown,1,,0,0,0,0,"Srinivas Vemulapalli to Sudhir Midtown, 1 run"
22632662,2,Weekend Warriors (WW),3.3,Srinivas Vemulapalli,Sudhir Midtown,0,WD,0,0,0,0,"Srinivas Vemulapalli to Sudhir Midtown, wide"
22632662,2,Weekend Warriors (WW),3.2,Srinivas Vemulapalli,Sudhir Midtown,0,,0,0,0,1,"Srinivas Vemulapalli to Sudhir Midtown, no run"
22632662,2,Weekend Warriors (WW),3.1,Srinivas Vemulapalli,Mahesh Reddy,1,,0,0,0,0,"Srinivas Vemulapalli to Mahesh Reddy, 1 run"
22632662,2,Weekend Warriors (WW),3.0,Arun,Mahesh Reddy,1,,0,0,0,0,"Arun to Mahesh Reddy, 1 run"
22632662,2,Weekend Warriors (WW),2.5,Arun,Mahesh Reddy,0,,0,0,0,1,"Arun to Mahesh Reddy, no run"
22632662,2,Weekend Warriors (WW),2.4,Arun,Sudhir Midtown,0,,0,1,0,1,"Arun to Sudhir Midtown, OUT Run out, Throw by Deepak Kumar"
22632662,2,Weekend Warriors (WW),2.3,Arun,Sudhir Midtown,0,,0,0,0,1,"Arun to Sudhir Midtown, no run"
22632662,2,Weekend Warriors (WW),2.2,Arun,Sudhir Midtown,0,,0,0,0,1,"Arun to Sudhir Midtown, no run"
22632662,2,Weekend Warriors (WW),2.1,Arun,Venkat A,0,,0,1,0,1,"Arun to Venkat A, OUT Caught out, Caught by Pavan"
22632662,2,Weekend Warriors (WW),2.0,shaik azeed,Sudheer Nidiginti,0,,0,0,0,1,"shaik azeed to Sudheer Nidiginti, no run"
22632662,2,Weekend Warriors (WW),1.5,shaik azeed,Venkat A,1,,0,0,0,0,"shaik azeed to Venkat A, 1 run"
22632662,2,Weekend Warriors (WW),1.5,shaik azeed,Venkat A,0,WD,0,0,0,0,"shaik azeed to Venkat A, wide"
22632662,2,Weekend Warriors (WW),1.4,shaik azeed,Sudheer Nidiginti,1,,0,0,0,0,"shaik azeed to Sudheer Nidiginti, 1 run"
22632662,2,Weekend Warriors (WW),1.3,shaik azeed,Sudheer Nidiginti,0,,0,0,0,1,"shaik azeed to Sudheer Nidiginti, no run"
22632662,2,Weekend Warriors (WW),1.2,shaik azeed,Venkat A,1,,0,0,0,0,"shaik azeed to Venkat A, 1 run"
22632662,2,Weekend Warriors (WW),1.1,shaik azeed,Sudheer Nidiginti,1,,0,0,0,0,"shaik azeed to Sudheer Nidiginti, 1 run"
22632662,2,Weekend Warriors (WW),1.1,shaik azeed,Sudheer Nidiginti,0,WD,0,0,0,0,"shaik azeed to Sudheer Nidiginti, wide"
22632662,2,Weekend Warriors (WW),1.0,Srinivas Vemulapalli,Sudheer Nidiginti,1,,0,0,0,0,"Srinivas Vemulapalli to Sudheer Nidiginti, 1 run"
22632662,2,Weekend Warriors (WW),0.5,Srinivas Vemulapalli,Sudheer Nidiginti,0,,0,0,0,1,"Srinivas Vemulapalli to Sudheer Nidiginti, no run"
22632662,2,Weekend Warriors (WW),0.4,Srinivas Vemulapalli,Sudheer Nidiginti,2,,0,0,0,0,"Srinivas Vemulapalli to Sudheer Nidiginti, 2 runs"
22632662,2,Weekend Warriors (WW),0.3,Srinivas Vemulapalli,Sudheer Nidiginti,0,,0,0,0,1,"Srinivas Vemulapalli to Sudheer Nidiginti, no run"
22632662,2,Weekend Warriors (WW),0.2,Srinivas Vemulapalli,Venkat A,1,,0,0,0,0,"Srinivas Vemulapalli to Venkat A, 1 run"
22632662,2,Weekend Warriors (WW),0.2,Srinivas Vemulapalli,Venkat A,0,WD,0,0,0,0,"Srinivas Vemulapalli to Venkat A, wide"
22632662,2,Weekend Warriors (WW),0.1,Srinivas Vemulapalli,Venkat A,0,,0,0,0,1,"Srinivas Vemulapalli to Venkat A, no run"
